t_unix,roll_deg,pitch_deg
1786331883.573,0.7,2.1
1786331883.873,0.8,2.1
1786331884.174,0.7,2.2
1786331884.474,0.7,2.2
1786331884.774,0.8,2.3
1786331885.075,0.7,2.2
1786331885.375,0.7,2.3
1786331885.676,0.8,2.4
1786331885.976,0.7,2.2
1786331886.276,0.9,2.2
1786331886.576,0.7,2.3
1786331886.876,0.8,2.3
1786331887.176,0.7,2.3
1786331887.477,0.6,2.2
1786331887.777,0.8,2.2
1786331888.077,0.7,2.3
1786331888.377,0.8,2.3
1786331888.678,0.7,2.4
1786331888.978,0.8,2.4
1786331889.278,0.7,2.4
1786331889.579,0.7,2.3
1786331889.879,0.7,2.2
1786331890.179,0.6,2.3
1786331890.479,0.8,2.5
1786331890.780,0.8,2.2
1786331891.080,0.6,2.3
1786331891.381,0.7,2.2
1786331891.681,0.7,2.2
1786331891.981,0.9,2.1
1786331892.281,0.7,2.4
1786331892.582,0.8,2.2
1786331892.882,0.7,2.3
1786331893.182,0.6,2.4
1786331893.482,0.7,2.3
1786331893.782,0.6,2.3
1786331894.083,0.8,2.3
1786331894.383,0.8,2.3
1786331894.683,0.8,2.2
1786331894.984,0.6,2.3
1786331895.284,0.7,2.1
1786331895.584,0.7,2.3
1786331895.884,0.6,2.3
1786331896.185,0.8,2.2
1786331896.485,0.7,2.3
1786331896.785,0.7,2.3
1786331897.086,0.8,2.4
1786331897.386,0.8,2.2
1786331897.686,0.7,2.2
1786331897.986,0.7,2.2
1786331898.286,0.8,2.3
1786331898.586,0.8,2.2
1786331898.886,0.7,2.2
1786331899.187,0.8,2.2
1786331899.487,0.8,2.2
1786331899.787,0.7,2.2
1786331900.088,0.6,2.3
1786331900.388,0.7,2.2
1786331900.689,0.6,2.3
1786331900.989,0.7,2.2
1786331901.289,0.7,2.1
1786331901.589,0.6,2.2
1786331901.890,0.9,2.4
1786331902.190,0.7,2.2
1786331902.490,0.8,2.4
1786331902.790,0.7,2.3
1786331903.090,0.7,2.2
1786331903.391,0.8,2.3
1786331903.691,0.6,2.4
1786331903.991,0.8,2.2
1786331904.292,0.7,2.2
1786331904.592,0.7,2.1
1786331904.892,0.6,2.2
1786331905.192,0.7,2.3
1786331905.493,0.7,2.3
1786331905.793,0.7,2.4
1786331906.093,0.6,2.2
1786331906.394,0.7,2.4
1786331906.694,0.8,2.2
1786331906.994,0.8,2.1
1786331907.295,0.7,2.3
1786331907.595,0.8,2.2
1786331907.895,0.7,2.3
1786331908.196,0.7,2.2
1786331908.496,0.8,2.2
1786331908.796,0.7,2.3
1786331909.096,0.8,2.3
1786331909.396,0.7,2.3
1786331909.697,0.7,2.2
1786331909.997,0.6,2.2
1786331910.297,0.8,2.3
1786331910.598,0.7,2.3
1786331910.898,0.7,2.2
1786331911.199,0.5,2.4
1786331911.499,0.7,2.1
1786331911.799,0.7,2.3
1786331912.099,0.7,2.3
1786331912.400,0.8,2.2
1786331912.700,0.8,2.2
1786331913.000,0.7,2.3
1786331913.300,0.7,2.4
1786331913.600,-0.0,2.4
1786331913.901,1.4,3.2
1786331914.201,0.3,3.8
1786331914.501,0.8,2.1
1786331914.801,4.3,4.7
1786331915.102,0.6,2.6
1786331915.402,2.0,2.1
1786331915.702,0.7,0.7
1786331916.003,-0.4,1.9
1786331916.303,-0.2,1.3
1786331916.603,0.8,2.0
1786331916.903,1.1,2.4
1786331917.204,0.3,1.7
1786331917.504,1.2,2.4
1786331917.804,1.0,2.3
1786331918.104,0.7,2.1
1786331918.404,0.9,2.2
1786331918.704,1.0,2.3
1786331919.005,0.9,2.2
1786331919.305,0.9,2.1
1786331919.605,0.9,2.1
1786331919.906,0.7,2.2
1786331920.206,1.0,2.1
1786331920.506,0.7,2.2
1786331920.806,0.9,2.3
1786331921.107,0.8,2.1
1786331921.407,0.9,2.2
1786331921.707,0.9,2.2
1786331922.007,1.0,2.2
1786331922.307,1.0,2.4
1786331922.608,1.0,2.3
1786331922.908,0.9,2.3
1786331923.208,1.0,2.3
1786331923.508,0.9,2.4
1786331923.808,1.0,2.4
1786331924.109,1.0,2.2
1786331924.409,1.0,2.3
1786331924.709,1.0,2.2
1786331925.009,1.2,2.3
1786331925.309,1.1,2.2
1786331925.610,0.9,2.1
1786331925.910,0.7,2.1
1786331926.210,1.0,2.3
1786331926.510,1.0,2.2
1786331926.810,0.9,2.1
1786331927.111,0.8,2.2
1786331927.411,0.8,2.3
1786331927.711,1.1,2.2
1786331928.012,0.9,2.3
1786331928.312,1.0,2.1
1786331928.612,1.0,2.2
1786331928.912,1.0,2.3
1786331929.212,1.1,2.4
1786331929.513,1.0,2.4
1786331929.813,0.9,2.5
1786331930.113,0.8,2.4
1786331930.413,0.8,2.3
1786331930.714,0.8,2.1
1786331931.014,0.9,2.4
1786331931.314,1.1,2.1
1786331931.614,0.9,2.3
1786331931.915,0.9,2.4
1786331932.215,1.0,2.1
1786331932.515,0.9,2.2
1786331932.816,0.8,2.1
1786331933.116,0.7,2.3
1786331933.416,0.9,2.2
1786331933.717,1.0,2.3
1786331934.017,0.9,2.2
1786331934.317,0.9,2.2
1786331934.617,0.8,2.2
1786331934.917,1.0,2.3
1786331935.217,1.2,2.2
1786331935.518,1.1,2.3
1786331935.818,1.1,2.2
1786331936.118,0.7,2.2
1786331936.418,0.8,2.3
1786331936.719,0.9,2.3
1786331937.019,1.0,2.3
1786331937.319,0.9,2.4
1786331937.620,1.0,2.3
1786331937.920,1.1,2.3
1786331938.220,1.1,2.3
1786331938.520,0.9,2.4
1786331938.820,1.0,2.3
1786331939.121,0.9,2.0
1786331939.421,0.8,2.1
1786331939.722,1.1,2.3
1786331940.022,1.0,2.2
1786331940.322,1.0,2.3
1786331940.622,0.7,2.2
1786331940.923,0.8,2.2
1786331941.223,0.9,2.0
1786331941.523,0.8,2.2
1786331941.823,1.1,2.1
1786331942.124,1.2,2.3
1786331942.424,1.2,2.3
1786331942.724,0.9,2.4
1786331943.024,1.1,2.4
1786331943.324,0.9,2.2
1786331943.624,0.9,2.2
1786331943.925,1.2,2.4
1786331944.225,1.2,2.2
1786331944.525,0.9,2.3
1786331944.825,1.0,2.3
1786331945.125,0.8,2.3
1786331945.425,0.9,2.4
1786331945.725,0.8,2.2
1786331946.026,1.0,2.1
1786331946.326,1.0,2.0
1786331946.626,0.9,2.3
1786331946.926,1.1,2.3
1786331947.227,0.9,2.1
1786331947.527,0.8,2.1
1786331947.827,0.8,2.4
1786331948.127,0.7,2.2
1786331948.428,0.9,2.2
1786331948.728,1.0,2.3
1786331949.028,1.0,2.3
1786331949.328,1.1,2.2
1786331949.628,0.9,2.3
1786331949.928,0.8,2.3
1786331950.228,0.9,2.2
1786331950.529,0.8,2.3
1786331950.829,-0.1,0.2
1786331951.129,0.2,1.0
1786331951.429,0.8,2.0
1786331951.730,7.6,4.8
1786331952.030,10.1,-0.1
1786331952.331,-3.8,-0.0
1786331952.631,-1.4,3.7
1786331952.931,2.7,-0.9
1786331953.231,7.5,6.7
1786331953.531,7.5,7.4
1786331953.832,-2.0,0.7
1786331954.132,-1.1,4.7
1786331954.432,1.8,5.2
1786331954.732,5.4,4.7
1786331955.033,6.3,6.6
1786331955.333,-2.0,-1.7
1786331955.633,-3.5,-2.8
1786331955.933,1.7,1.0
1786331956.233,1.6,8.3
1786331956.533,7.6,2.1
1786331956.834,-5.6,5.0
1786331957.134,-1.3,6.8
1786331957.434,1.2,6.3
1786331957.734,3.7,8.4
1786331958.034,7.6,2.1
1786331958.335,-2.8,5.1
1786331958.635,6.5,-1.6
1786331958.936,-0.4,2.8
1786331959.236,0.0,10.6
1786331959.536,6.6,1.8
1786331959.836,-9.8,-2.8
1786331960.136,-3.6,6.8
1786331960.437,-0.3,-8.8
1786331960.737,-0.5,8.0
1786331961.037,4.9,7.0
1786331961.337,0.9,6.0
1786331961.638,-3.1,-5.1
1786331961.938,-5.1,-2.0
1786331962.238,-4.2,-0.5
1786331962.538,6.0,5.7
1786331962.838,-5.2,-4.1
1786331963.139,-2.4,-5.1
1786331963.439,-0.2,4.2
1786331963.739,0.8,6.1
1786331964.039,1.5,9.1
1786331964.339,-5.4,-13.7
1786331964.640,-5.4,-3.3
1786331964.940,0.7,4.3
1786331965.240,0.7,6.9
1786331965.541,6.0,6.8
1786331965.841,-11.7,-3.1
1786331966.141,-2.7,2.8
1786331966.442,4.5,9.8
1786331966.742,4.0,9.8
1786331967.042,6.3,6.2
1786331967.342,-8.4,-6.9
1786331967.642,-4.4,-4.3
1786331967.943,4.8,10.7
1786331968.243,2.1,6.3
1786331968.543,-0.3,3.9
1786331968.844,1.0,4.3
1786331969.144,0.6,2.3
1786331969.444,1.1,2.2
1786331969.745,0.8,2.9
1786331970.045,0.6,3.1
1786331970.345,0.9,2.7
1786331970.646,0.6,2.7
1786331970.946,0.7,3.1
1786331971.246,0.6,2.9
1786331971.547,0.8,2.7
1786331971.847,0.8,3.0
1786331972.147,0.8,2.8
1786331972.448,0.7,2.8
1786331972.748,0.8,2.8
1786331973.048,0.7,2.9
1786331973.348,0.8,2.7
1786331973.648,0.8,2.8
1786331973.949,0.9,2.8
1786331974.249,0.6,2.9
1786331974.549,0.9,2.7
1786331974.850,0.7,2.7
1786331975.150,0.9,3.0
1786331975.450,0.8,2.8
1786331975.751,0.8,2.9
1786331976.051,0.9,2.7
1786331976.351,0.9,2.9
1786331976.652,0.8,2.7
1786331976.952,0.8,2.8
1786331977.252,0.7,2.9
1786331977.552,0.8,2.9
1786331977.853,0.8,2.7
1786331978.153,0.8,2.8
1786331978.453,0.9,2.8
1786331978.753,0.7,2.9
1786331979.053,0.8,2.8
1786331979.353,0.9,2.8
1786331979.654,0.7,2.9
1786331979.954,0.8,2.9
1786331980.254,0.8,2.8
1786331980.555,0.9,3.0
1786331980.855,0.7,2.9
1786331981.155,0.8,2.9
1786331981.456,0.6,2.9
1786331981.756,0.9,2.9
1786331982.056,0.9,2.8
1786331982.356,0.8,2.8
1786331982.657,0.8,3.0
1786331982.957,0.6,2.7
1786331983.257,0.8,2.8
1786331983.558,0.7,2.9
1786331983.858,0.7,2.9
1786331984.158,0.7,2.9
1786331984.459,0.8,2.9
1786331984.759,0.8,2.8
1786331985.060,0.6,2.9
1786331985.360,0.7,3.0
1786331985.660,0.7,3.0
1786331985.961,0.8,2.7
1786331986.261,0.8,2.7
1786331986.561,0.8,2.8
1786331986.861,0.8,2.9
1786331987.161,0.7,2.9
1786331987.462,0.9,2.8
1786331987.762,0.9,2.8
1786331988.062,0.8,2.9
1786331988.363,0.8,3.0
1786331988.663,0.8,2.9
1786331988.963,0.8,2.9
1786331989.263,0.9,2.7
1786331989.564,0.9,3.0
1786331989.864,0.8,2.9
1786331990.164,0.8,2.8
1786331990.464,0.8,2.8
1786331990.765,0.7,2.9
1786331991.065,0.7,2.8
1786331991.365,0.7,2.8
1786331991.665,0.8,2.8
1786331991.965,0.7,2.6
1786331992.265,0.6,3.1
1786331992.566,0.7,2.8
1786331992.866,0.8,2.7
1786331993.166,0.7,2.8
1786331993.466,0.8,2.8
1786331993.766,0.7,2.9
1786331994.066,0.7,3.0
1786331994.367,0.8,2.7
1786331994.667,0.7,2.7
1786331994.967,0.9,2.9
1786331995.267,0.9,2.8
1786331995.568,1.0,2.9
1786331995.868,0.8,2.8
1786331996.168,0.9,2.9
1786331996.468,0.9,2.8
1786331996.768,0.9,2.9
1786331997.068,0.8,2.9
1786331997.369,0.8,3.0
1786331997.669,0.8,2.7
1786331997.969,0.9,2.9
1786331998.269,0.7,2.8
1786331998.570,0.7,2.9
1786331998.870,0.8,3.0
1786331999.170,0.9,2.9
1786331999.470,0.8,2.8
1786331999.771,0.9,2.8
1786332000.071,0.8,2.8
1786332000.371,0.6,2.8
1786332000.672,0.7,2.8
1786332000.972,0.8,2.8
1786332001.272,0.9,2.9
1786332001.573,0.7,2.8
1786332001.873,0.8,2.7
1786332002.174,0.6,3.0
1786332002.474,0.8,2.8
1786332002.774,0.6,2.7
1786332003.074,0.7,2.9
1786332003.374,0.7,2.8
1786332003.675,0.8,2.8
1786332003.975,0.9,3.0
1786332004.275,0.9,3.0
1786332004.576,0.7,2.8
1786332004.876,0.8,2.7
1786332005.176,0.7,2.7
1786332005.476,0.8,2.8
1786332005.777,0.7,2.9
1786332006.077,0.8,2.9
1786332006.377,0.8,2.9
1786332006.678,0.8,2.7
1786332006.978,0.8,2.8
1786332007.278,0.6,2.8
1786332007.578,0.6,2.8
1786332007.879,0.7,2.8
1786332008.179,0.9,2.8
1786332008.479,0.7,2.9
1786332008.780,0.9,2.8
1786332009.080,0.8,2.8
1786332009.380,0.8,2.8
1786332009.680,0.8,2.8
1786332009.980,0.8,2.8
1786332010.281,0.8,2.8
1786332010.581,0.9,2.9
1786332010.881,0.8,2.8
1786332011.181,0.8,2.9
1786332011.481,0.8,2.8
1786332011.782,0.8,2.8
1786332012.082,0.7,2.8
1786332012.382,0.8,2.7
1786332012.683,0.8,2.8
1786332012.983,0.8,2.9
1786332013.284,0.8,2.7
1786332013.584,1.6,2.8
1786332013.884,0.7,8.7
1786332014.185,0.5,6.7
1786332014.485,0.9,3.6
1786332014.785,1.9,3.6
1786332015.085,6.6,5.1
1786332015.386,0.6,2.2
1786332015.686,2.1,9.8
1786332015.986,0.6,5.8
1786332016.286,1.3,1.0
1786332016.587,2.7,1.3
1786332016.887,1.0,4.6
1786332017.187,1.2,3.2
1786332017.488,1.1,3.6
1786332017.788,1.2,3.4
1786332018.088,1.3,3.6
1786332018.389,1.2,3.4
1786332018.689,-0.7,3.6
1786332018.989,-0.3,0.0
1786332019.290,-2.2,-1.3
1786332019.590,7.0,8.5
1786332019.890,1.1,-1.0
1786332020.190,2.8,-1.4
1786332020.491,-4.3,0.5
1786332020.791,-4.3,3.4
1786332021.091,3.1,12.4
1786332021.392,-2.0,-0.4
1786332021.692,3.4,-4.4
1786332021.992,2.6,-2.4
1786332022.293,-5.2,-0.0
1786332022.593,1.3,10.0
1786332022.893,-4.2,-8.6
1786332023.193,3.4,-0.7
1786332023.493,-2.0,1.9
1786332023.794,-7.6,-0.7
1786332024.094,3.2,11.1
1786332024.394,-1.9,-6.4
1786332024.695,-0.3,-2.9
1786332024.995,-0.3,2.9
1786332025.296,-5.3,-1.5
1786332025.596,2.8,8.2
1786332025.896,-5.5,-6.6
1786332026.197,7.6,6.5
1786332026.497,1.6,-0.4
1786332026.797,-4.2,-2.6
1786332027.097,1.7,13.5
1786332027.398,-3.5,-4.7
1786332027.698,1.8,-3.3
1786332027.998,0.6,4.1
1786332028.299,6.0,-1.2
1786332028.599,7.7,8.8
1786332028.899,-3.6,-0.4
1786332029.199,4.5,5.9
1786332029.500,0.2,5.8
1786332029.800,0.1,5.8
1786332030.100,1.8,5.9
1786332030.400,-8.0,2.9
1786332030.700,12.0,4.3
1786332031.000,-9.3,-2.0
1786332031.301,1.6,-4.3
1786332031.601,4.2,10.7
1786332031.901,-0.2,6.1
1786332032.201,4.1,4.0
1786332032.502,-0.0,8.6
1786332032.802,4.0,5.8
1786332033.102,4.8,10.7
1786332033.403,3.0,2.3
1786332033.703,4.7,-0.8
1786332034.003,7.5,4.2
1786332034.303,-1.4,2.9
1786332034.603,8.1,9.6
1786332034.904,-0.8,1.3
1786332035.204,3.9,1.8
1786332035.504,3.6,3.2
1786332035.805,3.5,0.8
1786332036.105,5.7,14.3
1786332036.405,-3.2,0.7
1786332036.705,7.0,4.1
1786332037.005,3.4,1.1
1786332037.305,2.5,0.0
1786332037.605,4.2,9.9
1786332037.906,1.6,4.4
1786332038.206,4.9,-3.9
1786332038.507,2.4,19.4
1786332038.807,2.2,3.8
1786332039.107,7.2,10.5
1786332039.408,-5.4,-3.7
1786332039.708,2.6,3.2
1786332040.008,-6.6,-1.6
1786332040.308,-3.7,2.0
1786332040.608,4.7,8.7
1786332040.908,-1.4,1.1
1786332041.209,4.5,-1.3
1786332041.509,0.9,4.5
1786332041.809,-4.2,7.9
1786332042.109,1.4,5.6
1786332042.410,-1.4,-2.3
1786332042.710,4.9,1.0
1786332043.010,1.8,5.0
1786332043.311,-5.9,0.2
1786332043.611,2.1,8.2
1786332043.911,5.2,-3.6
1786332044.211,3.6,-3.6
1786332044.511,1.0,2.7
1786332044.812,0.2,3.7
1786332045.112,9.0,4.7
1786332045.412,3.0,0.4
1786332045.712,-1.2,-1.2
1786332046.012,2.4,1.2
1786332046.312,-2.7,-5.0
1786332046.612,3.9,10.4
1786332046.913,0.8,-1.3
1786332047.213,4.4,-0.5
1786332047.513,4.4,7.9
1786332047.813,4.6,8.9
1786332048.113,-0.8,2.7
1786332048.414,3.0,-2.7
1786332048.714,11.1,6.7
1786332049.014,-0.8,-2.4
1786332049.314,2.5,9.6
1786332049.615,6.7,6.1
1786332049.915,3.6,6.2
1786332050.216,9.9,-0.7
1786332050.516,-3.7,4.8
1786332050.816,-0.3,6.8
1786332051.116,5.4,10.3
1786332051.416,4.3,2.8
1786332051.717,15.1,-1.4
1786332052.017,7.0,5.6
1786332052.317,2.4,1.3
1786332052.617,-4.1,3.6
1786332052.917,2.4,1.9
1786332053.218,9.7,0.8
1786332053.518,0.6,2.6
1786332053.818,-1.9,4.3
1786332054.119,4.4,2.6
1786332054.419,2.9,2.2
1786332054.719,1.8,2.5
1786332055.020,1.6,2.5
1786332055.320,1.4,2.4
1786332055.621,1.3,2.6
1786332055.921,1.3,2.5
1786332056.221,1.4,2.8
1786332056.522,1.4,2.7
1786332056.822,1.6,2.7
1786332057.123,1.4,2.6
1786332057.423,1.4,2.7
1786332057.723,1.5,2.6
1786332058.024,1.4,2.7
1786332058.324,1.4,2.8
1786332058.624,1.4,2.8
1786332058.924,1.3,2.6
1786332059.225,1.5,2.5
1786332059.525,1.6,2.6
1786332059.825,1.4,2.6
1786332060.126,1.4,2.5
1786332060.426,1.5,2.6
1786332060.726,1.4,2.6
1786332061.026,1.4,2.7
1786332061.327,1.4,2.8
1786332061.627,1.5,2.6
1786332061.927,1.4,2.5
1786332062.228,1.4,2.6
1786332062.528,1.5,2.8
1786332062.829,1.5,2.6
1786332063.129,1.3,2.6
1786332063.429,1.4,2.6
1786332063.730,1.6,2.9
1786332064.030,1.3,2.6
1786332064.330,1.5,2.7
1786332064.630,1.3,2.6
1786332064.931,1.5,2.5
1786332065.231,1.6,2.6
1786332065.531,1.4,2.7
1786332065.832,1.3,2.5
1786332066.132,1.5,2.6
1786332066.432,1.5,2.7
1786332066.732,1.3,2.7
1786332067.033,1.4,2.6
1786332067.333,1.3,2.6
1786332067.634,1.6,2.5
1786332067.934,1.4,2.6
1786332068.234,1.5,2.6
1786332068.534,1.6,2.6
1786332068.834,1.4,2.7
1786332069.134,1.5,2.9
1786332069.435,1.4,2.5
1786332069.735,1.4,2.6
1786332070.035,1.4,2.5
1786332070.335,1.6,2.7
1786332070.635,1.5,2.7
1786332070.935,1.4,2.6
1786332071.235,1.3,2.8
1786332071.536,1.5,2.6
1786332071.836,1.5,2.6
1786332072.136,1.4,2.5
1786332072.436,1.5,2.7
1786332072.736,1.4,2.9
1786332073.037,1.4,2.5
1786332073.337,1.5,2.5
1786332073.637,1.4,2.6
1786332073.937,1.4,2.6
1786332074.237,1.5,2.6
1786332074.538,1.3,2.8
1786332074.838,1.4,2.8
1786332075.138,1.4,2.6
1786332075.438,1.4,2.8
1786332075.739,1.4,2.7
1786332076.039,1.5,2.7
1786332076.339,1.4,2.5
1786332076.639,1.5,2.7
1786332076.939,1.4,2.6
1786332077.240,1.4,2.6
1786332077.540,1.4,2.7
1786332077.840,1.4,2.8
1786332078.141,1.3,2.6
1786332078.441,1.5,2.5
1786332078.741,1.5,2.5
1786332079.041,1.5,2.7
1786332079.341,1.4,2.6
1786332079.642,1.4,2.7
1786332079.942,1.4,2.6
1786332080.242,1.4,2.7
1786332080.543,1.4,2.6
1786332080.843,1.5,2.5
1786332081.143,1.5,2.5
1786332081.444,1.4,2.5
1786332081.744,1.5,2.6
1786332082.044,1.5,2.6
1786332082.344,1.4,2.7
1786332082.644,1.4,2.8
1786332082.945,1.4,2.8
1786332083.245,1.4,2.6
1786332083.546,1.4,2.7
1786332083.846,1.4,2.8
1786332084.146,1.3,2.7
1786332084.446,1.5,2.6
1786332084.746,1.4,2.6
1786332085.047,1.4,2.6
1786332085.347,1.3,2.7
1786332085.647,1.4,2.7
1786332085.947,1.4,2.7
1786332086.247,1.5,2.6
1786332086.548,1.3,2.5
1786332086.848,1.4,2.8
1786332087.148,1.5,2.7
1786332087.448,1.4,2.7
1786332087.748,1.4,2.6
1786332088.049,1.6,2.7
1786332088.349,1.4,2.5
1786332088.649,1.5,2.6
1786332088.949,1.4,2.5
1786332089.249,1.4,2.6
1786332089.550,1.3,2.6
1786332089.850,1.5,2.7
1786332090.150,1.4,2.7
1786332090.450,1.4,2.5
1786332090.750,1.4,2.6
1786332091.051,1.4,2.7
1786332091.351,1.3,2.5
1786332091.651,1.4,2.4
1786332091.951,1.5,2.7
1786332092.252,1.5,2.6
1786332092.552,1.5,2.7
1786332092.852,1.4,2.6
1786332093.152,1.4,2.5
1786332093.453,-0.3,3.1
1786332093.753,3.5,10.7
1786332094.053,-3.3,5.8
1786332094.353,-0.7,-0.9
1786332094.653,1.1,11.3
1786332094.954,2.2,-2.9
1786332095.254,7.0,5.0
1786332095.554,-0.7,7.5
1786332095.854,-3.7,-7.1
1786332096.155,11.7,16.2
1786332096.455,-5.1,-1.9
1786332096.755,3.0,6.8
1786332097.055,1.8,7.4
1786332097.356,-1.4,-9.2
1786332097.656,0.5,19.5
1786332097.956,3.2,3.4
1786332098.256,1.2,4.6
1786332098.556,-3.4,6.5
1786332098.856,-4.6,-6.0
1786332099.157,12.7,17.8
1786332099.457,3.0,5.0
1786332099.757,2.3,9.2
1786332100.057,-7.2,3.4
1786332100.358,-3.6,-4.4
1786332100.658,0.0,19.5
1786332100.958,4.3,0.1
1786332101.259,9.3,11.8
1786332101.559,4.6,11.1
1786332101.859,10.6,-18.4
1786332102.160,12.8,11.5
1786332102.460,5.8,-3.1
1786332102.760,17.6,6.7
1786332103.060,0.3,4.8
1786332103.361,-1.4,-2.3
1786332103.661,5.4,11.5
1786332103.961,8.4,0.3
1786332104.262,6.3,8.5
1786332104.562,5.1,0.6
1786332104.862,-4.3,-0.7
1786332105.162,6.8,9.7
1786332105.462,3.3,-7.1
1786332105.763,8.2,7.7
1786332106.063,0.2,6.3
1786332106.363,-2.9,-5.3
1786332106.664,10.6,19.6
1786332106.964,0.7,-5.8
1786332107.264,9.5,6.0
1786332107.564,-1.2,3.8
1786332107.864,-2.8,-3.1
1786332108.165,6.4,16.1
1786332108.465,0.0,-9.5
1786332108.765,12.1,9.8
1786332109.066,-1.5,3.6
1786332109.366,-2.7,0.5
1786332109.666,1.8,16.0
1786332109.966,2.8,2.6
1786332110.266,8.1,10.9
1786332110.566,3.7,9.5
1786332110.866,3.8,9.0
1786332111.167,12.7,6.5
1786332111.467,-4.4,5.9
1786332111.767,-4.7,0.8
1786332112.067,-2.9,8.9
1786332112.367,-2.5,-5.3
1786332112.667,10.5,4.4
1786332112.968,7.0,-0.5
1786332113.268,8.6,7.5
1786332113.568,-2.4,-0.1
1786332113.868,-10.1,4.5
1786332114.168,-4.3,9.6
1786332114.468,4.7,7.9
1786332114.768,5.9,6.6
1786332115.069,1.5,2.2
1786332115.369,-1.6,-4.0
1786332115.669,1.1,13.0
1786332115.969,9.6,6.5
1786332116.269,8.1,7.2
1786332116.570,2.3,1.3
1786332116.870,-5.4,-1.1
1786332117.170,1.3,7.3
1786332117.471,-0.2,5.4
1786332117.771,6.4,-2.2
1786332118.071,-2.8,6.2
1786332118.371,-5.7,-4.3
1786332118.671,5.3,7.5
1786332118.971,3.3,4.0
1786332119.272,5.0,8.2
1786332119.572,-9.1,2.3
1786332119.872,-4.5,-2.0
1786332120.172,-1.2,6.5
1786332120.472,-1.1,3.2
1786332120.773,4.2,5.4
1786332121.073,-4.4,-6.9
1786332121.373,-8.7,-2.2
1786332121.673,3.5,10.9
1786332121.973,-1.0,0.7
1786332122.274,2.5,4.0
1786332122.574,-5.3,1.3
1786332122.874,-4.3,-1.3
1786332123.175,7.9,16.1
1786332123.475,-0.7,-4.8
1786332123.775,9.3,6.1
1786332124.075,1.9,1.1
1786332124.376,3.7,-4.2
1786332124.676,0.0,12.0
1786332124.977,3.0,1.0
1786332125.277,8.3,8.8
1786332125.577,2.1,0.4
1786332125.878,-2.6,-4.3
1786332126.178,6.2,11.6
1786332126.478,11.4,4.5
1786332126.778,11.3,-0.5
1786332127.079,-0.7,-2.3
1786332127.379,-2.3,-6.4
1786332127.679,2.8,7.9
1786332127.980,-2.2,0.2
1786332128.280,9.0,5.6
1786332128.580,-4.8,-2.9
1786332128.880,-3.0,-5.3
1786332129.180,3.4,13.8
1786332129.480,2.8,4.5
1786332129.780,3.5,5.9
1786332130.081,-4.5,-1.3
1786332130.381,-5.9,-1.5
1786332130.681,6.8,14.6
1786332130.981,8.2,2.4
1786332131.281,9.8,7.0
1786332131.582,-2.8,3.5
1786332131.882,2.5,1.2
1786332132.182,2.2,16.6
1786332132.482,-4.5,-0.1
1786332132.782,5.2,3.4
1786332133.082,-8.3,8.3
1786332133.383,-3.0,-4.9
1786332133.683,5.1,10.5
1786332133.983,-1.4,5.7
1786332134.283,7.2,8.3
1786332134.584,-14.6,0.3
1786332134.884,-3.1,0.7
1786332135.184,None,None
1786332135.484,1.6,5.0
1786332135.785,6.6,11.1
1786332136.085,-8.7,10.2
1786332136.385,-4.1,-3.3
1786332136.685,-2.4,9.3
1786332136.985,-1.5,4.5
1786332137.286,1.8,12.7
1786332137.586,-3.8,2.1
1786332137.886,-3.5,-8.9
1786332138.186,0.9,10.1
1786332138.486,-3.0,5.9
1786332138.786,10.4,11.3
1786332139.087,5.9,5.2
1786332139.387,-0.9,-5.0
1786332139.687,4.4,8.1
1786332139.987,1.2,-0.7
1786332140.287,10.1,10.4
1786332140.587,2.5,5.4
1786332140.888,21.3,14.3
1786332141.188,8.6,1.8
1786332141.488,-6.7,3.6
1786332141.788,-0.2,4.2
1786332142.088,1.7,-4.2
1786332142.389,-1.7,-7.0
1786332142.689,-0.5,6.9
1786332142.989,6.3,4.0
1786332143.289,8.1,6.0
1786332143.589,-4.5,-2.4
1786332143.890,-3.0,6.6
1786332144.190,4.2,11.7
1786332144.490,-6.0,2.1
1786332144.790,11.1,10.5
1786332145.090,-2.6,3.7
1786332145.391,-3.7,4.4
1786332145.691,-3.8,2.2
1786332145.991,-6.8,3.2
1786332146.292,9.7,11.9
1786332146.592,-1.9,-0.8
1786332146.892,-0.3,0.9
1786332147.192,-0.1,6.1
1786332147.492,-0.2,4.8
1786332147.792,8.6,8.3
1786332148.093,-5.6,6.1
1786332148.393,-0.8,-1.5
1786332148.693,1.3,3.3
1786332148.993,-1.4,1.4
1786332149.294,10.6,12.4
1786332149.594,-0.3,1.2
1786332149.894,4.9,1.8
1786332150.194,2.1,2.4
1786332150.494,1.6,6.1
1786332150.795,11.4,10.3
1786332151.095,-2.3,0.1
1786332151.395,-2.9,-6.2
1786332151.695,-3.9,4.0
1786332151.995,-4.4,4.5
1786332152.295,8.3,9.2
1786332152.596,-0.3,-0.2
1786332152.896,-0.8,0.4
1786332153.196,6.6,-1.0
1786332153.496,-1.2,5.2
1786332153.797,11.0,10.4
1786332154.097,1.4,13.9
1786332154.397,-5.2,1.4
1786332154.698,4.6,-1.0
1786332154.998,0.7,2.7
1786332155.298,9.9,13.6
1786332155.598,-6.4,-0.2
1786332155.899,-3.7,1.7
1786332156.199,4.1,1.8
1786332156.499,-2.5,7.1
1786332156.799,14.8,14.4
1786332157.099,0.4,3.8
1786332157.400,0.1,13.4
1786332157.700,-0.9,8.5
1786332158.000,-5.0,1.3
1786332158.300,8.7,2.3
1786332158.600,3.6,1.9
1786332158.901,8.9,6.7
1786332159.201,2.4,6.7
1786332159.501,9.4,3.9
1786332159.801,10.9,5.8
1786332160.101,-5.1,-6.6
1786332160.402,-2.2,-3.3
1786332160.702,1.9,11.4
1786332161.002,8.6,9.8
1786332161.302,5.1,7.8
1786332161.602,-1.7,-4.3
1786332161.903,0.7,0.3
1786332162.203,-0.4,9.7
1786332162.504,5.3,9.4
1786332162.804,10.1,7.0
1786332163.104,-9.3,-8.0
1786332163.404,-4.2,-1.5
1786332163.704,-4.3,4.8
1786332164.004,-5.1,3.9
1786332164.304,6.5,12.9
1786332164.605,-7.0,6.5
1786332164.905,-3.0,0.6
1786332165.205,4.2,5.9
1786332165.505,-5.1,1.0
1786332165.806,6.4,7.3
1786332166.106,-9.2,-2.7
1786332166.406,-3.1,-0.6
1786332166.706,1.9,4.3
1786332167.007,0.4,-0.9
1786332167.307,10.8,11.2
1786332167.607,1.6,8.3
1786332167.907,2.3,-1.7
1786332168.207,5.4,4.3
1786332168.508,-4.5,3.8
1786332168.808,4.0,10.3
1786332169.108,-6.5,1.1
1786332169.409,-6.3,-4.4
1786332169.709,1.8,9.2
1786332170.009,0.0,-3.2
1786332170.309,2.8,10.1
1786332170.610,-3.6,4.0
1786332170.910,-6.9,-1.8
1786332171.210,-2.2,6.5
1786332171.510,0.9,1.9
1786332171.810,4.4,9.4
1786332172.111,-5.5,3.9
1786332172.411,-2.7,-4.2
1786332172.711,4.1,2.8
1786332173.011,1.9,-2.5
1786332173.312,7.0,8.5
1786332173.612,0.1,3.0
1786332173.912,5.5,8.5
1786332174.212,5.8,2.0
1786332174.512,-6.6,3.1
1786332174.812,0.0,-0.8
1786332175.113,-2.5,4.3
1786332175.413,-2.6,-3.4
1786332175.714,1.8,9.5
1786332176.014,0.3,7.4
1786332176.314,7.7,8.3
1786332176.614,-4.4,-4.5
1786332176.915,-0.6,-3.8
1786332177.215,7.3,12.8
1786332177.515,5.3,8.7
1786332177.815,4.5,5.3
1786332178.115,-0.3,-2.6
1786332178.416,3.5,2.2
1786332178.716,2.8,9.0
1786332179.016,7.1,1.7
1786332179.316,4.7,4.4
1786332179.616,-5.2,3.9
1786332179.916,-1.3,-6.5
1786332180.216,6.6,10.9
1786332180.517,3.8,-4.0
1786332180.817,5.7,11.0
1786332181.117,0.3,2.5
1786332181.417,1.2,-2.9
1786332181.718,5.5,9.1
1786332182.018,2.6,3.9
1786332182.318,4.0,10.2
1786332182.618,-0.6,7.7
1786332182.918,-0.9,-3.9
1786332183.219,3.1,15.1
1786332183.519,0.8,-0.0
1786332183.820,4.6,13.2
1786332184.120,-7.2,-6.0
1786332184.420,-1.9,0.9
1786332184.720,0.1,13.9
1786332185.020,1.8,3.5
1786332185.321,5.9,7.5
1786332185.621,-0.2,4.1
1786332185.922,-5.0,4.3
1786332186.222,-9.6,5.1
1786332186.522,1.4,0.6
1786332186.822,9.0,9.6
1786332187.123,2.6,4.1
1786332187.423,-3.8,-1.9
1786332187.724,-0.8,11.0
1786332188.024,-1.7,0.1
1786332188.324,3.5,16.6
1786332188.625,-7.6,-1.2
1786332188.925,-0.4,-1.3
1786332189.225,2.2,0.2
1786332189.525,-4.0,2.2
1786332189.825,-2.5,14.5
1786332190.125,-4.5,-0.0
1786332190.426,5.3,3.1
1786332190.726,3.1,6.0
1786332191.026,-0.6,-1.4
1786332191.326,4.7,16.0
1786332191.627,-5.8,1.6
1786332191.927,-5.2,-4.6
1786332192.227,6.8,3.8
1786332192.527,-2.6,0.5
1786332192.827,9.7,13.9
1786332193.128,-4.8,0.2
1786332193.428,1.1,-2.7
1786332193.728,4.6,7.1
1786332194.028,-2.1,1.1
1786332194.328,6.1,7.6
1786332194.629,2.2,-0.8
1786332194.929,1.1,4.2
1786332195.229,3.0,2.4
1786332195.529,-1.9,-2.5
1786332195.829,6.3,11.7
1786332196.130,-2.5,0.8
1786332196.430,7.7,5.7
1786332196.730,1.3,-0.2
1786332197.031,0.5,3.3
1786332197.331,1.6,9.4
1786332197.631,-2.5,1.6
1786332197.932,1.3,1.0
1786332198.232,-0.2,3.8
1786332198.532,3.9,12.5
1786332198.832,9.2,8.1
1786332199.132,-4.0,6.6
1786332199.433,2.2,7.3
1786332199.733,1.0,8.4
1786332200.033,2.1,-4.3
1786332200.333,4.5,17.0
1786332200.633,-1.1,4.0
1786332200.933,-4.2,2.1
1786332201.234,-0.5,3.6
1786332201.534,-4.0,5.7
1786332201.834,1.5,11.2
1786332202.134,-8.7,-2.9
1786332202.435,-4.3,3.7
1786332202.735,1.0,4.5
1786332203.035,-4.6,-2.8
1786332203.335,5.4,7.9
1786332203.636,-0.7,2.3
1786332203.936,4.9,3.1
1786332204.236,1.3,6.3
1786332204.536,3.6,2.9
1786332204.836,5.2,15.0
1786332205.137,-3.0,-2.8
1786332205.437,5.8,5.5
1786332205.737,0.6,-1.2
1786332206.037,3.2,6.6
1786332206.338,8.2,15.7
1786332206.638,-4.3,-2.0
1786332206.938,1.0,8.2
1786332207.239,-5.2,0.2
1786332207.539,4.9,-3.6
1786332207.839,12.1,11.9
1786332208.140,-2.7,1.9
1786332208.440,4.7,5.9
1786332208.740,-0.9,7.4
1786332209.040,5.0,1.7
1786332209.340,9.4,8.9
1786332209.641,-5.2,0.6
1786332209.941,-4.4,1.8
1786332210.241,1.3,7.2
1786332210.542,-2.4,5.1
1786332210.842,7.1,10.3
1786332211.142,-1.9,-3.3
1786332211.442,-8.3,5.9
1786332211.743,-2.1,5.8
1786332212.043,0.2,9.0
1786332212.343,9.8,7.6
1786332212.643,-3.6,-1.3
1786332212.944,6.2,4.3
1786332213.244,0.2,9.4
1786332213.544,8.0,10.9
1786332213.845,13.5,2.2
1786332214.145,-3.9,-1.4
1786332214.445,-6.3,3.6
1786332214.745,-5.0,6.5
1786332215.045,1.0,6.4
1786332215.346,7.3,2.8
1786332215.646,2.3,3.2
1786332215.946,5.8,0.4
1786332216.247,1.4,8.8
1786332216.547,-1.9,7.8
1786332216.847,8.2,8.7
1786332217.147,-0.4,-1.2
1786332217.448,-2.5,2.2
1786332217.748,-0.9,11.7
1786332218.048,-0.9,3.7
1786332218.349,10.8,12.2
1786332218.649,-6.8,0.8
1786332218.949,1.8,6.3
1786332219.249,2.4,5.0
1786332219.549,-5.4,2.6
1786332219.850,2.6,11.7
1786332220.150,-0.2,-3.2
1786332220.450,-4.8,7.3
1786332220.750,1.5,7.7
1786332221.050,-2.4,-0.8
1786332221.351,6.2,12.1
1786332221.651,-3.4,-1.8
1786332221.952,-0.1,7.2
1786332222.252,-0.7,2.2
1786332222.552,0.6,5.3
1786332222.852,0.1,7.2
1786332223.153,-4.9,0.7
1786332223.453,3.2,2.8
1786332223.754,-6.0,2.5
1786332224.054,-6.1,-0.3
1786332224.354,3.7,9.4
1786332224.655,-3.8,1.3
1786332224.955,1.6,1.6
1786332225.255,-3.2,1.9
1786332225.555,-4.8,0.8
1786332225.856,4.8,11.4
1786332226.156,-6.3,0.6
1786332226.456,-1.4,-3.8
1786332226.757,3.9,10.7
1786332227.057,-4.8,-3.1
1786332227.357,0.6,10.5
1786332227.657,-4.4,-1.5
1786332227.957,0.6,-2.3
1786332228.258,2.8,3.0
1786332228.558,-6.3,3.9
1786332228.858,-0.9,5.4
1786332229.159,6.2,11.7
1786332229.459,5.8,8.0
1786332229.759,6.4,4.2
1786332230.060,-5.3,3.2
1786332230.360,0.3,9.3
1786332230.660,4.6,3.9
1786332230.960,-0.2,-8.2
1786332231.260,5.7,7.5
1786332231.561,2.3,5.9
1786332231.861,6.6,12.0
1786332232.161,-3.1,3.6
1786332232.461,2.7,2.6
1786332232.762,-4.5,4.5
1786332233.062,-7.5,-1.2
1786332233.362,6.3,10.2
1786332233.662,-3.0,3.1
1786332233.963,3.0,3.4
1786332234.263,-8.7,2.0
1786332234.563,-7.6,-3.3
1786332234.864,2.8,11.8
1786332235.164,-7.6,-2.9
1786332235.464,-5.9,-5.6
1786332235.764,7.6,10.5
1786332236.065,-2.6,-1.5
1786332236.365,6.2,14.7
1786332236.665,2.8,-10.0
1786332236.965,-3.8,0.4
1786332237.266,4.2,13.9
1786332237.566,2.6,-1.6
1786332237.866,9.1,11.1
1786332238.166,-2.4,2.3
1786332238.466,2.5,11.4
1786332238.767,9.0,8.7
1786332239.067,-0.6,-2.6
1786332239.367,10.1,11.7
1786332239.667,3.5,-1.5
1786332239.967,5.6,2.3
1786332240.268,-12.4,1.4
1786332240.568,0.3,2.6
1786332240.868,2.4,11.4
1786332241.168,-2.2,-4.4
1786332241.468,-2.3,-4.6
1786332241.768,13.3,5.6
1786332242.068,-0.2,2.1
1786332242.369,3.4,11.9
1786332242.669,-2.1,-3.3
1786332242.969,-6.0,1.9
1786332243.269,9.1,11.3
1786332243.570,-1.6,-2.2
1786332243.870,6.7,16.4
1786332244.170,1.0,-4.2
1786332244.470,3.4,7.4
1786332244.770,5.2,18.3
1786332245.071,-2.3,2.3
1786332245.371,3.2,10.5
1786332245.671,0.9,3.8
1786332245.971,0.9,3.4
1786332246.271,-3.4,4.4
1786332246.572,-1.7,-5.9
1786332246.872,6.3,9.8
1786332247.172,-3.4,2.4
1786332247.472,4.0,6.6
1786332247.772,None,None
1786332248.072,2.5,0.6
1786332248.373,11.8,8.5
1786332248.673,-2.9,5.0
1786332248.973,0.6,1.8
1786332249.273,1.3,3.3
1786332249.573,-3.9,5.7
1786332249.874,8.9,5.8
1786332250.174,-2.8,3.7
1786332250.474,10.2,4.3
1786332250.774,6.2,10.6
1786332251.074,-2.6,0.9
1786332251.375,15.6,12.6
1786332251.675,-1.6,4.5
1786332251.975,5.2,0.7
1786332252.275,9.3,6.7
1786332252.575,0.1,-4.3
1786332252.875,7.4,13.0
1786332253.175,0.6,0.5
1786332253.476,-1.5,-0.1
1786332253.776,1.1,4.5
1786332254.076,-3.8,-4.7
1786332254.376,3.3,9.7
1786332254.677,4.6,3.5
1786332254.977,1.3,2.4
1786332255.277,2.4,12.9
1786332255.578,1.1,0.5
1786332255.878,3.8,11.5
1786332256.178,5.7,8.4
1786332256.478,-0.2,-2.3
1786332256.779,-1.8,4.8
1786332257.079,None,None
1786332257.380,3.6,2.2
1786332257.680,5.1,-0.3
1786332257.980,5.5,3.5
1786332258.280,0.7,7.5
1786332258.580,-1.2,1.8
1786332258.881,0.5,6.9
1786332259.181,-2.0,-1.4
1786332259.481,9.1,10.5
1786332259.781,-1.4,3.8
1786332260.081,-5.0,-0.1
1786332260.381,2.4,2.7
1786332260.681,1.4,1.9
1786332260.981,5.4,6.8
1786332261.282,0.6,10.6
1786332261.582,-4.8,0.3
1786332261.882,0.7,8.2
1786332262.183,-2.3,0.2
1786332262.483,4.5,-1.0
1786332262.784,-1.1,13.6
1786332263.084,-6.3,0.7
1786332263.384,-10.6,12.1
1786332263.684,-0.2,-2.5
1786332263.984,9.1,6.5
1786332264.285,-0.8,2.3
1786332264.585,-2.7,6.4
1786332264.886,3.1,6.5
1786332265.186,7.1,-1.6
1786332265.486,9.1,10.2
1786332265.786,1.8,3.3
1786332266.086,-2.8,5.8
1786332266.386,2.1,14.5
1786332266.687,4.1,-4.9
1786332266.987,7.9,7.5
1786332267.287,5.8,5.6
1786332267.588,2.7,2.7
1786332267.888,3.0,12.3
1786332268.188,1.0,-3.6
1786332268.488,0.8,6.2
1786332268.789,-2.7,2.1
1786332269.089,-2.2,13.5
1786332269.389,5.0,8.0
1786332269.689,-7.4,-2.2
1786332269.990,11.5,9.9
1786332270.290,-1.8,5.9
1786332270.590,-4.7,1.9
1786332270.890,-1.7,18.9
1786332271.190,3.9,6.7
1786332271.491,-2.0,0.2
1786332271.791,-5.3,1.5
1786332272.091,-9.6,-3.0
1786332272.392,2.5,13.7
1786332272.692,2.1,2.6
1786332272.992,-0.6,8.1
1786332273.293,-4.1,0.9
1786332273.593,-1.8,5.4
1786332273.893,7.0,11.9
1786332274.193,1.7,-2.7
1786332274.493,6.4,8.3
1786332274.794,-0.5,7.1
1786332275.094,0.1,3.0
1786332275.394,11.0,14.4
1786332275.694,1.8,-3.1
1786332275.994,9.7,4.5
1786332276.295,-1.5,2.8
1786332276.595,-4.3,-3.9
1786332276.896,7.9,11.7
1786332277.196,-4.2,-6.2
1786332277.496,3.3,4.1
1786332277.796,-3.3,5.1
1786332278.097,-4.5,-2.6
1786332278.397,10.7,18.1
1786332278.698,-4.3,-5.1
1786332278.998,4.4,8.9
1786332279.298,-12.2,-3.3
1786332279.598,-7.2,0.2
1786332279.898,-1.0,13.9
1786332280.199,-2.0,-2.6
1786332280.499,3.2,9.3
1786332280.799,-2.8,2.8
1786332281.100,-5.7,-3.5
1786332281.400,5.9,13.5
1786332281.700,-4.3,-5.7
1786332282.000,3.7,13.6
1786332282.300,3.8,2.1
1786332282.601,-5.7,-4.2
1786332282.901,1.4,0.6
1786332283.201,0.8,3.9
1786332283.501,0.8,5.7
1786332283.801,1.0,6.0
1786332284.102,1.6,5.9
1786332284.402,1.6,5.7
1786332284.702,1.4,5.5
1786332285.003,1.2,5.3
1786332285.303,1.3,5.3
1786332285.603,1.3,5.3
1786332285.903,1.3,5.1
1786332286.203,1.3,5.1
1786332286.504,1.4,5.1
1786332286.804,1.3,5.2
1786332287.104,1.3,5.0
1786332287.404,1.2,5.2
1786332287.704,1.3,5.2
1786332288.005,1.4,5.2
1786332288.305,1.2,5.3
1786332288.605,1.4,5.1
1786332288.905,1.3,5.0
1786332289.206,1.4,5.2
1786332289.506,1.3,5.2
1786332289.806,1.4,5.0
1786332290.106,1.4,5.1
1786332290.407,1.3,5.1
1786332290.707,1.3,5.1
1786332291.007,1.3,5.1
1786332291.308,1.2,5.1
1786332291.608,1.4,5.1
1786332291.908,1.3,5.0
1786332292.209,1.4,5.2
1786332292.509,1.4,5.1
1786332292.809,1.2,5.1
1786332293.109,1.3,5.0
1786332293.410,1.2,5.3
1786332293.710,1.3,5.1
1786332294.011,1.2,5.0
1786332294.311,1.3,5.2
1786332294.611,1.2,5.0
1786332294.911,1.2,4.9
1786332295.211,1.2,5.2
1786332295.512,1.4,5.3
1786332295.812,1.4,5.1
1786332296.112,1.3,5.1
1786332296.413,1.1,5.2
1786332296.713,1.4,5.2
1786332297.013,1.3,5.1
1786332297.313,1.3,5.0
1786332297.613,1.4,5.2
1786332297.914,1.3,5.1
1786332298.214,1.3,5.2
1786332298.514,1.4,5.2
1786332298.814,1.3,5.0
1786332299.115,1.2,5.2
1786332299.415,1.3,5.0
1786332299.715,1.3,5.3
1786332300.016,1.3,5.3
1786332300.316,1.4,5.2
1786332300.616,1.4,5.0
1786332300.916,1.3,5.1
1786332301.217,1.2,5.0
1786332301.517,1.3,5.1
1786332301.817,1.3,5.1
1786332302.117,1.3,5.0
1786332302.417,1.3,5.0
1786332302.718,1.4,5.0
1786332303.018,1.4,5.2
1786332303.318,1.3,5.2
1786332303.618,1.4,4.9
1786332303.919,1.3,5.1
1786332304.219,1.2,5.1
1786332304.519,1.2,5.1
1786332304.819,1.3,5.2
1786332305.120,1.2,5.2
1786332305.420,1.4,5.0
1786332305.720,1.4,5.1
1786332306.020,1.3,5.1
1786332306.320,1.3,5.2
1786332306.621,1.3,5.2
1786332306.921,1.4,5.1
1786332307.221,1.2,5.1
1786332307.521,1.3,5.1
1786332307.821,1.4,5.1
1786332308.122,1.3,5.0
1786332308.422,1.4,5.0
1786332308.722,1.2,5.3
1786332309.023,1.3,5.3
1786332309.323,1.2,5.2
1786332309.623,1.4,5.3
1786332309.923,1.2,5.3
1786332310.224,1.2,5.2
1786332310.524,1.3,5.1
1786332310.824,1.5,5.1
1786332311.124,1.4,5.2
1786332311.424,1.2,5.0
1786332311.724,1.2,5.0
1786332312.025,1.4,5.2
1786332312.325,1.3,5.1
1786332312.625,1.2,5.0
1786332312.925,1.2,5.3
1786332313.226,1.2,5.1
1786332313.526,1.3,5.2
1786332313.826,1.2,5.0
1786332314.127,1.3,5.1
1786332314.427,1.3,5.3
1786332314.727,1.4,5.0
1786332315.028,1.3,5.1
1786332315.328,1.1,5.1
1786332315.628,1.3,5.2
1786332315.929,1.4,5.1
1786332316.229,1.5,5.0
1786332316.529,1.3,5.0
1786332316.829,1.4,5.1
1786332317.130,1.2,5.1
1786332317.430,1.4,5.1
1786332317.730,1.3,5.1
1786332318.030,1.4,5.1
1786332318.331,1.5,5.0
1786332318.631,1.4,5.2
1786332318.931,1.3,5.0
1786332319.231,1.2,5.0
1786332319.532,1.4,5.1
1786332319.832,1.4,5.2
1786332320.132,1.2,5.0
1786332320.432,1.4,5.0
1786332320.732,1.4,5.1
1786332321.032,1.3,5.3
1786332321.333,1.1,5.1
1786332321.633,1.4,5.1
1786332321.933,1.2,5.1
1786332322.233,1.3,5.0
1786332322.533,1.4,5.1
1786332322.834,1.3,5.1
1786332323.134,1.4,5.1
1786332323.434,1.2,5.1
1786332323.734,1.3,5.2
1786332324.034,1.3,5.2
1786332324.335,1.2,5.0
1786332324.635,1.4,5.2
1786332324.935,1.3,5.2
1786332325.235,1.3,5.1
1786332325.536,1.2,5.2
1786332325.836,1.4,5.1
1786332326.136,1.3,5.2
1786332326.436,1.3,5.3
1786332326.736,1.2,5.2
1786332327.037,1.2,5.1
1786332327.337,1.3,4.9
1786332327.637,1.3,5.1
1786332327.938,1.3,5.1
1786332328.238,1.3,5.2
1786332328.538,1.5,5.1
1786332328.839,1.4,5.1
1786332329.139,1.4,5.2
1786332329.439,1.2,5.1
1786332329.739,1.3,5.1
1786332330.039,1.4,5.2
1786332330.340,1.5,5.2
1786332330.640,1.4,5.1
1786332330.940,1.2,5.0
1786332331.240,1.2,5.0
1786332331.540,1.4,5.1
1786332331.840,1.4,5.1
1786332332.140,1.3,5.2
1786332332.441,1.4,5.1
1786332332.741,1.3,5.0
1786332333.041,1.3,5.0
1786332333.342,1.3,5.2
1786332333.642,1.5,5.2
1786332333.942,1.3,5.2
1786332334.242,1.2,5.1
1786332334.543,1.2,5.2
1786332334.843,1.3,5.1
1786332335.143,1.2,5.1
1786332335.443,1.3,5.2
1786332335.743,1.2,5.1
1786332336.044,1.3,5.0
1786332336.344,1.2,5.1
1786332336.645,1.3,5.1
1786332336.945,1.4,5.0
1786332337.245,1.3,5.2
1786332337.546,1.3,5.1
1786332337.846,1.4,5.0
1786332338.146,1.4,5.1
1786332338.446,1.3,5.1
1786332338.747,1.3,5.2
1786332339.047,1.1,5.2
1786332339.347,1.3,5.3
1786332339.648,1.3,5.0
1786332339.948,1.3,5.1
1786332340.248,1.4,5.1
1786332340.548,1.4,5.3
1786332340.848,1.1,5.0
1786332341.149,1.2,5.2
1786332341.449,1.4,5.0
1786332341.749,1.2,5.2
1786332342.049,1.3,5.1
1786332342.350,1.3,5.1
1786332342.650,1.4,5.2
1786332342.951,1.3,5.0
1786332343.251,1.2,5.1
1786332343.551,1.2,5.1
1786332343.852,1.3,5.3
1786332344.152,1.2,5.1
1786332344.452,1.3,5.0
1786332344.752,1.3,5.1
1786332345.053,1.2,5.2
1786332345.353,1.2,5.1
1786332345.653,1.3,5.2
1786332345.953,1.3,5.1
1786332346.253,1.5,5.0
1786332346.553,1.3,5.2
1786332346.854,1.3,5.1
1786332347.154,1.2,5.1
1786332347.454,1.4,5.0
1786332347.754,1.3,5.0
1786332348.055,1.3,5.2
1786332348.355,1.3,5.1
1786332348.655,1.3,5.2
1786332348.956,1.3,5.0
1786332349.256,1.2,5.3
1786332349.556,1.3,5.0
1786332349.856,1.2,5.0
1786332350.157,1.3,4.9
1786332350.457,1.2,5.0
1786332350.757,1.4,5.0
1786332351.057,1.3,5.1
1786332351.357,1.4,5.2
1786332351.657,1.3,5.0
1786332351.958,1.4,5.1
1786332352.258,1.4,5.2
1786332352.558,1.4,5.3
1786332352.858,1.4,5.1
1786332353.159,1.2,5.2
1786332353.459,1.4,5.0
1786332353.759,1.3,5.2
1786332354.059,1.3,5.2
1786332354.359,1.3,5.1
1786332354.660,1.4,5.1
1786332354.960,1.2,5.2
1786332355.260,1.2,5.2
1786332355.560,1.4,5.1
1786332355.860,1.2,5.3
1786332356.161,1.2,5.3
1786332356.461,1.2,5.2
1786332356.761,1.4,5.1
1786332357.061,1.3,5.1
1786332357.362,1.3,5.1
1786332357.662,1.4,5.2
1786332357.962,1.3,5.1
1786332358.262,1.3,5.2
1786332358.563,1.2,5.0
1786332358.863,1.4,5.1
1786332359.163,1.3,5.1
1786332359.464,0.7,5.8
1786332359.764,4.3,3.9
1786332360.064,0.6,3.7
1786332360.364,0.3,3.5
1786332360.665,0.3,4.6
1786332360.965,1.2,3.8
1786332361.265,1.2,5.4
1786332361.565,0.7,4.4
1786332361.865,0.7,4.1
1786332362.165,0.7,4.0
1786332362.465,0.8,4.1
1786332362.766,-0.2,3.1
1786332363.066,-0.2,6.3
1786332363.366,-3.1,4.9
1786332363.667,-2.6,5.4
1786332363.967,-0.5,4.6
1786332364.267,-0.9,4.3
1786332364.568,-1.4,4.7
1786332364.868,-1.2,4.4
1786332365.168,-0.9,4.9
1786332365.468,-1.0,4.5
1786332365.768,-1.1,4.6
1786332366.069,-1.1,4.6
1786332366.369,-1.1,4.6
1786332366.669,-1.1,4.5
1786332366.969,-1.2,4.6
1786332367.270,-1.0,4.7
1786332367.570,-1.1,4.6
1786332367.870,-1.0,4.6
1786332368.171,-1.1,4.7
1786332368.471,-1.0,4.5
1786332368.771,-1.1,4.6
1786332369.071,-1.1,4.6
1786332369.371,-0.9,4.7
1786332369.672,-1.1,4.4
1786332369.972,-0.9,4.6
1786332370.273,-1.0,4.6
1786332370.573,-1.0,4.5
1786332370.873,-1.1,4.5
1786332371.173,-1.1,4.4
1786332371.473,-1.1,4.6
1786332371.773,-1.0,4.7
1786332372.074,-1.0,4.5
1786332372.374,-1.2,4.4
1786332372.674,-1.0,4.4
1786332372.974,-0.9,4.5
1786332373.275,-1.0,4.5
1786332373.575,-1.1,4.5
1786332373.875,-1.1,4.6
1786332374.175,-1.2,4.6
1786332374.476,-1.0,4.4
1786332374.776,-1.0,4.6
1786332375.076,-1.1,4.5
1786332375.377,-1.0,4.4
1786332375.677,-1.0,4.5
1786332375.977,-1.1,4.6
1786332376.277,-1.0,4.7
1786332376.577,-1.0,4.5
1786332376.877,-0.8,4.7
1786332377.177,-1.0,4.6
1786332377.478,-1.1,4.6
1786332377.778,-0.9,4.6
1786332378.078,-1.1,4.6
1786332378.378,-0.9,4.6
1786332378.679,-1.0,4.5
1786332378.979,-1.2,4.6
1786332379.279,-1.1,4.5
1786332379.580,-1.0,4.7
1786332379.880,-1.0,4.5
1786332380.180,-1.2,4.5
1786332380.481,-1.0,4.5
1786332380.781,-1.1,4.5
1786332381.082,-1.2,4.5
1786332381.382,-1.0,4.5
1786332381.682,-1.1,4.5
1786332381.983,-1.1,4.4
1786332382.283,-1.1,4.7
1786332382.583,-1.0,4.6
1786332382.884,-0.9,4.4
1786332383.184,-1.0,4.6
1786332383.484,-1.0,4.5
1786332383.784,-0.9,4.6
1786332384.085,-1.2,4.8
1786332384.385,-1.1,4.5
1786332384.685,-1.1,4.5
1786332384.985,-1.0,4.6
1786332385.285,-1.0,4.6
1786332385.586,-1.1,4.6
1786332385.886,-1.1,4.6
1786332386.186,-1.0,4.6
1786332386.487,-1.1,4.6
1786332386.787,-1.1,4.6
1786332387.087,-1.0,4.5
1786332387.387,-1.0,4.6
1786332387.687,-1.2,4.4
1786332387.988,-1.0,4.5
1786332388.288,-1.0,4.6
1786332388.588,-0.9,4.7
1786332388.888,-1.1,4.7
1786332389.189,-1.3,4.4
1786332389.489,-1.1,4.5
1786332389.789,-1.1,4.7
1786332390.090,-1.0,4.6
1786332390.390,-1.0,4.7
1786332390.691,-1.1,4.5
1786332390.991,-1.1,4.5
1786332391.291,-1.0,4.8
1786332391.591,-1.0,4.5
1786332391.891,-1.0,4.6
1786332426.687,-0.9,4.8
1786332426.987,-1.0,4.7
1786332427.288,-1.1,4.9
1786332427.588,-1.1,4.7
1786332427.888,-1.1,4.7
1786332428.188,-1.1,4.7
1786332428.489,-1.0,4.6
1786332428.789,-1.0,4.7
1786332429.089,-1.1,4.6
1786332429.390,-0.9,4.7
1786332429.690,-1.1,4.6
1786332429.990,-1.1,4.7
1786332430.290,-1.0,4.8
1786332430.590,-1.1,4.7
1786332430.891,-1.0,4.7
1786332431.191,-1.0,4.7
1786332431.491,-1.0,4.8
1786332431.791,-1.1,4.6
1786332432.092,-1.0,4.6
1786332432.392,-1.1,4.6
1786332432.692,-1.1,4.9
1786332432.993,-1.1,4.7
1786332433.293,-1.2,4.8
1786332433.593,-1.1,4.7
1786332433.893,-1.0,4.8
1786332434.193,-1.2,4.7
1786332434.493,-1.0,4.9
1786332434.794,-1.1,4.7
1786332435.094,-1.2,4.8
1786332435.394,-1.0,4.7
1786332435.695,-1.1,4.8
1786332435.995,-1.0,4.7
1786332436.295,-1.0,4.7
1786332436.595,1.6,4.0
1786332436.896,-0.4,5.7
1786332437.196,1.0,-0.6
1786332437.496,0.6,1.5
1786332437.796,1.7,2.8
1786332438.096,0.9,3.8
1786332438.397,1.2,3.8
1786332438.697,1.1,3.1
1786332438.997,1.3,2.7
1786332439.297,1.2,2.8
1786332439.597,1.2,3.1
1786332439.898,1.1,3.3
1786332440.198,1.2,3.1
1786332440.498,1.1,2.8
1786332440.798,1.2,2.9
1786332441.099,1.2,3.1
1786332441.399,1.1,3.1
1786332441.700,1.3,3.0
1786332442.000,1.1,3.0
1786332442.301,1.2,3.0
1786332442.601,1.1,3.1
1786332442.901,1.2,3.0
1786332443.202,1.1,3.1
1786332443.502,1.2,3.0
1786332443.802,1.1,3.0
1786332444.103,1.2,2.9
1786332444.403,1.1,2.9
1786332444.703,1.1,3.0
1786332445.003,1.2,3.2
1786332445.304,1.3,2.9
1786332445.604,1.1,3.0
1786332445.904,1.1,3.2
1786332446.204,1.3,2.9
1786332446.504,1.1,3.0
1786332446.804,1.1,3.0
1786332447.104,1.1,3.0
1786332447.405,1.3,3.0
1786332447.705,1.2,3.0
1786332448.005,0.9,3.0
1786332448.305,1.1,3.1
1786332448.605,1.1,3.1
1786332448.905,1.2,3.0
1786332449.206,1.2,3.1
1786332449.506,1.1,3.0
1786332449.806,1.2,2.9
1786332450.107,1.2,3.1
1786332450.407,1.1,3.0
1786332450.707,1.2,2.9
1786332451.008,1.1,3.2
1786332451.308,1.3,3.0
1786332451.608,1.3,3.1
1786332451.908,1.2,3.1
1786332452.208,2.4,4.9
1786332452.508,5.0,3.3
1786332452.809,2.4,1.6
1786332453.109,-0.6,5.8
1786332453.409,7.4,15.0
1786332453.709,1.4,0.9
1786332454.010,4.1,-4.8
1786332454.310,1.9,-0.1
1786332454.610,5.0,7.0
1786332454.911,10.3,13.5
1786332455.211,-8.6,-10.8
1786332455.511,-2.1,1.7
1786332455.811,-2.2,-0.6
1786332456.112,-2.4,8.2
1786332456.412,4.5,5.1
1786332456.713,1.2,1.6
1786332457.013,-5.0,6.2
1786332457.313,4.3,9.8
1786332457.613,-2.3,3.6
1786332457.913,4.8,8.9
1786332458.214,-2.4,6.8
1786332458.514,1.0,-1.0
1786332458.814,-2.7,13.3
1786332459.114,1.2,4.6
1786332459.415,5.4,6.2
1786332459.715,-0.6,3.0
1786332460.015,2.1,10.6
1786332460.315,-2.2,2.8
1786332460.615,0.0,6.7
1786332460.916,8.6,5.5
1786332461.216,0.5,3.5
1786332461.517,2.2,0.1
1786332461.817,-2.7,-2.0
1786332462.117,1.0,5.4
1786332462.417,14.3,9.3
1786332462.717,-3.9,0.8
1786332463.017,0.5,2.9
1786332463.318,-4.0,-3.5
1786332463.618,0.6,10.2
1786332463.918,5.1,10.1
1786332464.218,-0.5,1.9
1786332464.518,11.5,-0.5
1786332464.819,2.1,0.7
1786332465.119,3.6,8.5
1786332465.419,9.8,3.7
1786332465.719,-0.9,2.5
1786332466.020,7.9,0.3
1786332466.320,-3.1,-1.1
1786332466.620,4.2,6.8
1786332466.921,7.5,9.8
1786332467.221,-5.4,2.7
1786332467.521,8.6,-0.6
1786332467.821,1.3,4.1
1786332468.122,-5.1,8.9
1786332468.422,4.4,3.7
1786332468.722,-9.0,-9.7
1786332469.023,0.2,3.0
1786332469.323,-2.0,-2.8
1786332469.623,1.0,10.2
1786332469.924,8.8,7.0
1786332470.224,-3.9,-9.5
1786332470.524,9.1,9.7
1786332470.824,-2.7,-6.6
1786332471.124,-0.6,0.8
1786332471.425,6.4,6.5
1786332471.725,-5.9,2.9
1786332472.026,0.2,2.1
1786332472.326,-7.5,1.7
1786332472.626,-1.7,6.2
1786332472.926,4.2,11.8
1786332473.226,-1.0,-8.2
1786332473.526,1.0,-0.0
1786332473.827,-2.3,-2.7
1786332474.127,-1.5,-4.2
1786332474.427,6.4,10.4
1786332474.727,-7.3,-3.6
1786332475.027,-2.6,3.6
1786332475.327,-7.3,7.3
1786332475.628,0.7,-8.8
1786332475.928,4.7,10.2
1786332476.228,2.6,-7.8
1786332476.528,12.3,9.0
1786332476.829,-0.5,9.4
1786332477.129,-3.7,-0.7
1786332477.429,9.9,14.0
1786332477.729,-3.8,-1.3
1786332478.029,4.9,1.4
1786332478.330,4.0,1.5
1786332478.630,2.7,-3.3
1786332478.930,10.0,11.8
1786332479.230,-4.8,-2.8
1786332479.531,8.4,6.2
1786332479.831,-2.1,-0.0
1786332480.131,-2.5,3.8
1786332480.431,5.2,9.3
1786332480.731,-5.5,4.8
1786332481.032,0.2,0.5
1786332481.332,-7.4,8.0
1786332481.632,-1.5,-0.0
1786332481.932,4.0,12.0
1786332482.232,-4.4,0.5
1786332482.533,17.7,-0.3
1786332482.833,-6.2,3.3
1786332483.133,-6.6,1.4
1786332483.433,0.7,9.6
1786332483.734,0.9,2.4
1786332484.034,3.9,4.3
1786332484.334,-7.5,-2.2
1786332484.634,-7.2,0.2
1786332484.935,1.3,5.8
1786332485.235,-3.9,3.3
1786332485.535,7.8,1.5
1786332485.836,3.2,5.7
1786332486.136,-0.6,3.9
1786332486.436,4.4,6.6
1786332486.736,-1.1,-0.3
1786332487.037,10.0,-0.5
1786332487.337,-3.7,2.8
1786332487.637,-1.0,2.0
1786332487.938,1.2,8.6
1786332488.238,-6.7,5.5
1786332488.538,6.4,-5.1
1786332488.839,-2.7,0.8
1786332489.139,-3.9,-2.0
1786332489.439,6.2,21.8
1786332489.739,-9.0,-2.9
1786332490.040,2.1,-1.3
1786332490.340,4.6,5.6
1786332490.640,-3.2,-4.9
1786332490.941,7.6,9.6
1786332491.241,-9.2,1.2
1786332491.541,-2.5,-18.6
1786332491.842,-2.0,8.5
1786332492.142,-1.4,3.2
1786332492.442,2.3,10.1
1786332492.743,4.5,9.2
1786332493.043,-8.8,-3.6
1786332493.343,3.7,9.5
1786332493.644,5.0,9.0
1786332493.944,6.8,4.6
1786332494.244,-2.7,3.6
1786332494.544,4.2,2.3
1786332494.844,2.2,7.9
1786332495.145,-0.4,0.3
1786332495.445,6.0,9.1
1786332495.745,-0.2,4.5
1786332496.045,6.0,-5.1
1786332496.345,-10.3,-9.6
1786332496.646,-0.4,-0.2
1786332496.946,7.8,8.8
1786332497.246,3.7,3.5
1786332497.547,-1.3,1.6
1786332497.847,3.2,8.2
1786332498.148,-0.0,-0.3
1786332498.448,9.0,6.4
1786332498.748,-0.1,-1.8
1786332499.048,0.8,-0.1
1786332499.349,1.8,1.5
1786332499.649,-0.8,-0.7
1786332499.949,5.1,4.0
1786332500.250,-3.1,4.2
1786332500.550,3.9,-6.6
1786332500.850,10.7,8.2
1786332501.150,2.9,0.8
1786332501.450,3.7,3.8
1786332501.751,5.2,8.2
1786332502.051,8.5,18.9
1786332502.351,-3.6,7.6
1786332502.652,-9.6,-5.5
1786332502.952,-1.6,4.8
1786332503.252,-2.9,18.2
1786332503.552,3.6,2.0
1786332503.852,0.4,5.8
1786332504.152,-2.0,-0.3
1786332504.453,3.4,3.0
1786332504.753,-1.6,5.3
1786332505.053,5.8,1.4
1786332505.354,0.7,5.5
1786332505.654,1.9,1.8
1786332505.954,-0.3,0.2
1786332506.254,0.1,1.0
1786332506.554,1.3,1.5
1786332506.855,0.8,0.1
1786332507.155,1.7,-0.5
1786332507.455,1.8,-0.2
1786332507.755,0.8,0.9
1786332508.056,0.9,0.9
1786332508.356,0.7,1.8
1786332508.656,0.2,2.5
1786332508.957,0.0,2.8
1786332509.257,0.0,2.6
1786332509.557,0.5,1.4
1786332509.857,1.6,0.2
1786332510.157,1.6,-0.2
1786332510.457,1.0,1.0
1786332510.758,0.7,1.4
1786332511.058,-0.2,2.5
1786332511.358,0.1,2.5
1786332511.659,0.6,1.5
1786332511.959,0.9,0.6
1786332512.259,1.8,-0.1
1786332512.560,1.4,0.2
1786332512.860,1.3,0.6
1786332513.160,0.6,1.7
1786332513.460,-0.1,2.8
1786332513.761,-0.0,2.7
1786332514.061,0.5,1.9
1786332514.361,1.2,0.8
1786332514.661,1.7,-0.3
1786332514.961,1.1,0.8
1786332515.262,0.4,1.6
1786332515.562,0.0,2.8
1786332515.862,0.3,2.0
1786332516.163,1.2,0.9
1786332516.463,1.7,-0.2
1786332516.763,0.9,1.1
1786332517.064,-0.0,2.6
1786332517.364,0.3,2.1
1786332517.664,0.2,2.1
1786332517.964,1.6,0.2
1786332518.264,1.3,0.7
1786332518.565,0.3,1.8
1786332518.865,-0.2,2.8
1786332519.165,0.1,2.2
1786332519.465,1.5,0.6
1786332519.766,1.8,0.1
1786332520.066,0.6,1.7
1786332520.366,-0.1,2.5
1786332520.666,-0.0,2.7
1786332520.967,0.5,1.6
1786332521.267,1.2,0.3
1786332521.567,1.1,0.5
1786332521.867,0.3,2.4
1786332522.167,0.1,2.1
1786332522.468,0.1,2.3
1786332522.768,0.8,0.9
1786332523.068,1.5,-0.1
1786332523.369,1.1,0.9
1786332523.669,-0.1,2.6
1786332523.969,0.6,1.7
1786332524.269,0.5,1.5
1786332524.570,2.0,-0.1
1786332524.870,1.0,1.1
1786332525.170,0.2,2.0
1786332525.470,-0.0,2.1
1786332525.771,1.1,0.5
1786332526.071,1.0,0.6
1786332526.371,0.5,1.9
1786332526.671,-0.0,2.6
1786332526.971,0.6,1.2
1786332527.272,0.8,1.2
1786332527.572,1.7,-0.1
1786332527.872,1.0,1.6
1786332528.172,0.2,2.0
1786332528.472,0.1,2.9
1786332528.773,0.8,1.2
1786332529.073,1.7,0.3
1786332529.373,1.0,1.0
1786332529.673,-0.1,2.4
1786332529.974,0.0,2.6
1786332530.274,0.3,1.8
1786332530.574,1.6,0.6
1786332530.875,1.6,0.0
1786332531.175,0.8,1.3
1786332531.475,0.2,1.9
1786332531.775,-0.0,2.4
1786332532.075,0.6,1.1
1786332532.376,0.9,0.9
1786332532.676,1.3,0.1
1786332532.976,-0.1,2.6
1786332533.276,0.0,2.7
1786332533.576,0.7,1.2
1786332533.877,2.2,-0.2
1786332534.177,1.7,0.3
1786332534.477,0.2,1.9
1786332534.777,-0.4,2.9
1786332535.077,0.2,2.3
1786332535.378,1.1,0.4
1786332535.678,1.4,0.4
1786332535.978,0.6,1.3
1786332536.278,-0.3,2.5
1786332536.579,0.0,2.9
1786332536.879,0.7,1.3
1786332537.179,1.4,0.6
1786332537.480,1.5,0.2
1786332537.780,0.6,1.7
1786332538.080,0.2,2.3
1786332538.380,1.1,0.7
1786332538.680,1.8,-0.3
1786332538.981,0.7,0.9
1786332539.281,-0.4,2.7
1786332539.581,0.5,1.7
1786332539.881,1.1,0.7
1786332540.181,1.7,-0.0
1786332540.482,0.4,1.4
1786332540.782,0.3,2.1
1786332541.082,0.4,1.8
1786332541.382,1.0,0.9
1786332541.682,1.7,-0.1
1786332541.982,0.6,1.7
1786332542.283,-0.0,2.7
1786332542.583,0.6,1.3
1786332542.883,1.4,0.6
1786332543.183,1.4,0.4
1786332543.483,1.0,1.1
1786332543.783,3.8,6.3
1786332544.083,5.4,-0.6
1786332544.384,-2.1,-3.0
1786332544.684,4.5,-5.1
1786332544.984,-2.6,5.0
1786332545.284,-0.9,3.4
1786332545.584,-0.5,3.8
1786332545.885,-0.9,2.4
1786332546.185,-0.1,1.3
1786332546.485,-0.1,1.0
1786332546.785,-0.5,1.8
1786332547.085,-0.2,2.2
1786332547.385,-0.5,1.6
1786332547.686,-0.3,1.5
1786332547.986,-0.3,1.7
1786332548.286,-0.3,1.8
1786332548.587,-0.3,1.6
1786332548.887,-0.4,1.6
1786332549.187,-0.3,1.7
1786332549.487,-0.3,1.6
1786332549.788,-0.2,1.6
1786332550.088,-0.4,1.7
1786332550.388,-0.4,1.8
1786332550.688,-0.3,1.6
1786332550.988,-0.2,1.7
1786332551.289,-0.3,1.7
1786332551.589,-0.2,1.7
1786332551.890,-0.4,1.7
1786332552.190,-0.3,1.6
1786332552.490,-0.3,1.6
1786332552.791,-0.4,1.8
1786332553.091,-0.3,1.6
1786332553.391,-0.3,1.7
1786332553.692,-0.2,1.6
1786332553.992,-0.3,1.7
1786332554.292,-0.2,1.9
1786332554.592,-0.3,1.6
1786332554.892,-0.2,1.7
1786332555.193,-0.4,1.6
1786332555.493,-0.4,1.7
1786332555.793,-0.4,1.6
1786332556.093,-0.5,1.6
1786332556.394,-0.3,1.6
1786332556.694,-0.3,1.6
1786332556.994,-0.2,1.8
1786332557.295,-0.2,1.8
1786332557.595,-0.3,1.6
1786332557.895,-0.2,1.8
1786332558.195,-0.5,1.6
1786332558.495,-0.2,1.6
1786332558.795,-0.3,1.7
1786332559.096,-0.4,1.5
1786332559.396,-0.4,1.6
1786332559.696,-0.2,1.8
1786332559.996,-0.4,1.6
1786332560.296,-0.3,1.7
1786332560.596,-0.2,1.5
1786332560.897,-0.3,1.6
1786332561.197,-0.3,1.8
1786332561.497,-0.3,1.9
1786332561.798,-0.3,1.7
1786332562.098,-0.3,1.7
1786332562.398,-0.2,1.8
1786332562.699,-0.3,1.6
1786332562.999,-0.4,1.7
1786332563.299,-0.4,1.7
1786332563.599,-0.1,1.7
1786332563.899,-0.3,1.6
1786332564.199,-0.5,1.7
1786332564.499,-0.2,1.6
1786332564.800,-0.4,1.8
1786332565.100,-0.3,1.7
1786332565.400,-0.3,1.7
1786332565.700,-0.2,1.6
1786332566.000,-0.1,1.7
1786332566.300,-0.3,1.6
1786332566.600,-0.3,1.8
1786332566.900,-0.3,1.5
1786332567.201,-0.4,1.7
1786332567.501,-0.3,1.7
1786332567.801,-0.3,1.8
1786332568.101,-0.3,1.6
1786332568.401,-0.2,1.7
1786332568.702,-0.3,1.6
1786332569.002,-0.3,1.7
1786332569.302,-0.4,1.6
1786332569.602,-0.3,1.6
1786332569.902,-0.3,1.9
1786332570.202,-0.3,1.7
1786332570.503,-0.2,1.6
1786332570.803,-0.3,1.6
1786332571.103,-0.3,1.6
1786332571.404,-0.4,1.8
1786332571.704,-0.3,1.7
1786332572.004,-0.3,1.6
1786332572.304,-0.3,1.7
1786332572.605,-0.2,1.7
1786332572.905,-0.2,1.6
1786332573.205,-0.2,1.7
1786332573.505,-0.3,1.7
1786332573.805,-0.4,1.5
1786332574.106,-0.3,1.6
1786332574.406,-0.3,1.6
1786332574.706,-0.3,1.8
1786332575.007,-0.4,1.8
1786332575.307,-0.3,1.6
1786332575.607,-0.4,1.8
1786332575.907,-0.2,1.7
1786332576.207,-0.4,1.8
1786332576.508,-0.2,1.6
1786332576.808,-0.1,1.7
1786332577.108,-0.2,1.7
1786332577.408,-0.2,1.6
1786332577.708,-0.3,1.7
1786332578.008,-0.3,1.6
1786332578.308,-0.3,1.7
1786332578.609,-0.3,1.7
1786332578.909,-0.3,1.7
1786332579.209,-0.3,1.6
1786332579.509,-0.3,1.6
1786332579.810,-0.4,1.7
1786332580.110,-0.2,1.8
1786332580.410,-0.4,1.6
1786332580.711,-0.3,1.6
1786332581.011,-0.3,1.7
1786332581.311,-0.4,1.7
1786332581.611,-0.4,1.7
1786332581.911,-0.2,1.6
1786332582.212,-0.4,1.6
1786332582.512,-0.4,1.7
1786332582.812,-0.4,1.7
1786332583.112,-0.3,1.8
1786332583.412,-0.4,1.7
1786332583.713,-0.2,1.7
1786332584.013,-0.3,1.6
1786332584.313,-0.3,1.7
1786332584.613,-0.3,1.7
1786332584.914,-0.2,1.8
1786332585.214,-0.3,1.6
1786332585.514,-0.2,1.6
1786332585.814,-0.3,1.6
1786332586.115,-0.2,1.6
1786332586.415,-0.4,1.7
1786332586.715,-0.5,1.8
1786332587.015,-0.3,1.7
1786332587.316,-0.4,1.7
1786332587.616,-0.3,1.5
1786332587.916,-0.3,1.8
1786332588.216,-0.3,1.5
1786332588.517,-0.3,1.8
1786332588.817,-0.3,1.7
1786332589.117,-0.3,1.5
1786332589.418,-0.3,1.7
1786332589.718,2.0,-5.2
1786332590.018,0.2,15.5
1786332590.318,0.0,12.2
1786332590.619,-0.9,-0.2
1786332590.919,-2.2,-3.5
1786332591.219,-0.2,-1.3
1786332591.519,0.8,11.4
1786332591.820,8.7,10.3
1786332592.120,8.4,5.4
1786332592.420,-0.6,5.5
1786332592.720,-2.7,2.1
1786332593.020,-0.8,11.3
1786332593.321,0.5,1.8
1786332593.621,9.6,7.3
1786332593.921,-5.1,-8.7
1786332594.221,5.1,-1.9
1786332594.521,-1.1,18.6
1786332594.821,-0.4,0.4
1786332595.122,6.5,10.8
1786332595.422,-0.4,-5.5
1786332595.722,-3.4,0.6
1786332596.023,0.9,7.0
1786332596.323,-0.5,-2.8
1786332596.623,3.1,11.8
1786332596.924,-2.2,-6.0
1786332597.224,0.7,2.4
1786332597.524,1.3,8.6
1786332597.825,-1.1,-9.5
1786332598.125,7.2,8.9
1786332598.425,-5.3,-3.9
1786332598.725,0.3,-0.7
1786332599.025,9.5,17.5
1786332599.326,2.8,1.1
1786332599.626,8.4,13.5
1786332599.926,3.4,-3.6
1786332600.226,-3.9,-4.4
1786332600.527,5.1,7.3
1786332600.827,6.9,12.0
1786332601.127,5.3,3.5
1786332601.427,1.4,3.6
1786332601.728,-0.8,0.8
1786332602.028,7.3,8.1
1786332602.328,2.8,1.0
1786332602.628,10.1,0.0
1786332602.928,-4.5,-3.8
1786332603.229,1.8,1.9
1786332603.529,3.9,8.3
1786332603.829,-0.4,1.7
1786332604.129,1.4,6.7
1786332604.430,8.3,2.8
1786332604.730,-2.4,1.4
1786332605.030,0.5,5.2
1786332605.331,0.5,2.2
1786332605.631,2.2,3.5
1786332605.931,None,None
1786332606.232,-6.3,10.4
1786332606.532,-2.6,6.5
1786332606.832,-0.2,0.0
1786332607.132,6.9,2.1
1786332607.432,1.4,3.3
1786332607.733,3.3,22.2
1786332608.033,0.1,7.9
1786332608.333,-8.7,-2.0
1786332608.633,5.2,3.6
1786332608.933,-6.8,-6.9
1786332609.234,-5.3,3.7
1786332609.534,4.9,2.9
1786332609.834,-7.7,8.6
1786332610.134,6.1,1.8
1786332610.434,-3.5,-8.6
1786332610.734,-6.5,4.5
1786332611.034,0.4,5.2
1786332611.335,2.8,9.4
1786332611.635,8.6,1.1
1786332611.935,5.8,4.6
1786332612.235,-2.1,-0.1
1786332612.535,3.7,10.3
1786332612.835,1.2,-2.1
1786332613.135,10.4,10.2
1786332613.436,-0.2,2.0
1786332613.736,-6.6,6.6
1786332614.036,1.2,3.7
1786332614.337,1.2,11.9
1786332614.637,5.1,9.6
1786332614.937,3.9,0.2
1786332615.237,0.4,4.4
1786332615.537,-0.6,0.2
1786332615.838,5.2,9.9
1786332616.138,12.0,15.6
1786332616.438,1.9,-3.3
1786332616.738,-4.2,4.8
1786332617.039,9.0,9.4
1786332617.339,5.6,7.6
1786332617.640,9.2,12.4
1786332617.940,5.5,-5.4
1786332618.240,1.6,-2.0
1786332618.541,4.9,1.3
1786332618.841,0.3,5.5
1786332619.141,3.2,10.1
1786332619.441,-0.1,-0.1
1786332619.741,-3.8,0.9
1786332620.041,13.8,8.3
1786332620.341,1.1,2.6
1786332620.642,5.8,7.5
1786332620.942,-1.0,-5.8
1786332621.242,-2.0,1.8
1786332621.542,0.9,9.2
1786332621.842,2.0,0.4
1786332622.142,3.2,10.4
1786332622.443,-0.8,5.1
1786332622.743,-2.3,5.3
1786332623.043,2.2,11.8
1786332623.343,-1.6,3.0
1786332623.644,7.6,11.8
1786332623.944,-1.8,-0.2
1786332624.244,1.9,1.9
1786332624.544,3.2,5.5
1786332624.845,3.3,4.9
1786332625.145,11.9,10.9
1786332625.445,1.5,-1.4
1786332625.745,1.5,0.3
1786332626.046,1.2,4.3
1786332626.346,-0.7,0.2
1786332626.646,12.1,15.4
1786332626.946,-0.8,-4.5
1786332627.246,4.7,1.3
1786332627.547,3.4,4.1
1786332627.847,-1.8,-3.0
1786332628.147,0.9,7.2
1786332628.447,-1.2,0.5
1786332628.747,-0.4,-1.2
1786332629.048,3.2,7.2
1786332629.348,0.1,-2.0
1786332629.648,9.8,7.7
1786332629.948,-2.5,2.6
1786332630.248,4.4,1.7
1786332630.548,-1.6,0.3
1786332630.849,1.2,7.5
1786332631.149,3.5,4.7
1786332631.449,-3.2,-1.9
1786332631.749,-5.6,6.8
1786332632.049,1.4,-4.4
1786332632.350,1.1,2.9
1786332632.650,9.9,7.8
1786332632.950,-2.6,-3.9
1786332633.251,2.7,1.8
1786332633.551,-1.3,1.1
1786332633.851,0.3,2.2
1786332634.151,12.3,9.5
1786332634.452,-2.2,-6.1
1786332634.752,1.7,7.3
1786332635.052,-0.7,1.7
1786332635.352,-4.7,10.3
1786332635.652,9.5,14.9
1786332635.952,-2.8,-7.8
1786332636.253,-0.3,8.5
1786332636.553,-10.0,-0.9
1786332636.853,1.4,3.8
1786332637.153,8.5,8.5
1786332637.454,-3.5,-3.6
1786332637.754,-1.9,5.2
1786332638.054,5.0,4.5
1786332638.354,1.1,3.1
1786332638.655,4.9,9.9
1786332638.955,1.5,-3.5
1786332639.255,0.0,7.8
1786332639.555,-3.4,4.3
1786332639.855,-1.5,7.6
1786332640.155,15.6,12.7
1786332640.456,0.1,-3.5
1786332640.756,3.5,6.0
1786332641.056,-5.0,-0.6
1786332641.356,-0.3,1.4
1786332641.657,12.2,15.0
1786332641.957,-1.0,-6.1
1786332642.257,-4.2,5.5
1786332642.557,-8.1,1.4
1786332642.857,-5.7,-6.5
1786332643.158,11.0,18.5
1786332643.458,0.9,-4.1
1786332643.758,-1.3,7.5
1786332644.058,-4.4,2.9
1786332644.359,-2.2,-4.2
1786332644.659,11.6,14.6
1786332644.959,-5.3,-2.1
1786332645.260,-1.0,3.6
1786332645.560,-1.0,2.1
1786332645.860,-0.2,3.0
1786332646.160,-1.3,0.2
1786332646.461,1.3,2.1
1786332646.761,-0.5,1.4
1786332647.062,1.1,0.5
1786332647.362,0.2,0.5
1786332647.662,0.5,1.2
1786332647.962,0.4,1.0
1786332648.263,0.5,0.6
1786332648.563,0.5,1.1
1786332648.863,0.2,1.0
1786332649.163,0.4,0.8
1786332649.464,0.5,0.9
1786332649.764,0.2,1.1
1786332650.064,0.5,0.8
1786332650.364,0.5,0.9
1786332650.665,0.4,0.8
1786332650.965,0.4,0.9
1786332651.265,0.2,0.9
1786332651.565,0.3,0.9
1786332651.866,0.5,0.9
1786332652.166,0.5,0.9
1786332652.466,0.5,0.9
1786332652.767,0.4,0.9
1786332653.067,0.4,1.0
1786332653.367,0.6,0.8
1786332653.667,0.3,0.7
1786332653.967,0.5,0.8
1786332654.268,0.4,0.9
1786332654.568,0.5,0.9
1786332654.868,0.4,0.9
1786332655.169,0.3,0.9
1786332655.469,0.5,1.0
1786332655.769,0.3,0.9
1786332656.070,0.4,1.0
1786332656.370,0.5,0.9
1786332656.670,0.4,0.9
1786332656.971,0.4,0.9
1786332657.271,0.4,0.9
1786332657.571,0.5,0.9
1786332657.871,0.4,0.9
1786332658.171,0.6,0.8
1786332658.471,0.4,0.8
1786332658.772,0.5,0.9
1786332659.072,0.5,0.9
1786332659.372,0.4,1.0
1786332659.673,0.5,0.9
1786332659.973,0.4,0.7
1786332660.273,0.4,0.9
1786332660.573,0.3,0.9
1786332660.874,0.4,0.9
1786332661.174,0.4,1.0
1786332661.474,0.4,0.9
1786332661.774,0.5,0.9
1786332662.074,0.4,0.8
1786332662.374,0.3,0.9
1786332662.675,0.5,0.7
1786332662.975,0.4,0.8
1786332663.275,0.5,0.9
1786332663.576,0.4,0.9
1786332663.876,0.4,1.1
1786332664.176,0.5,0.8
1786332664.476,0.5,0.8
1786332664.776,0.3,0.8
1786332665.076,0.3,0.9
1786332665.377,0.5,1.0
1786332665.677,0.4,1.0
1786332665.977,0.5,0.8
1786332666.278,0.4,0.9
1786332666.578,0.4,1.0
1786332666.878,0.4,0.8
1786332667.178,0.3,0.9
1786332667.479,0.3,1.1
1786332667.779,0.4,0.9
1786332668.079,0.5,0.9
1786332668.379,0.4,1.0
1786332668.680,0.5,0.8
1786332668.980,0.4,0.8
1786332669.280,0.5,0.9
1786332669.580,0.4,0.9
1786332669.880,0.3,0.9
1786332670.181,0.5,0.9
1786332670.481,0.4,0.9
1786332670.781,0.4,0.8
1786332671.081,0.4,1.0
1786332671.381,0.3,0.8
1786332671.681,0.4,0.9
1786332671.981,0.5,1.0
1786332672.282,0.5,0.8
1786332672.582,0.4,0.9
1786332672.882,0.5,0.9
1786332673.183,0.5,0.7
1786332673.483,0.4,0.9
1786332673.783,0.2,1.0
1786332674.083,0.5,0.8
1786332674.383,0.5,0.8
1786332674.684,0.4,0.8
1786332674.984,0.4,0.9
1786332675.284,0.5,1.0
1786332675.584,0.3,1.0
1786332675.884,0.6,0.9
1786332676.185,0.4,1.0
1786332676.485,0.4,0.9
1786332676.785,0.4,0.9
1786332677.086,0.4,0.8
1786332677.386,0.3,0.9
1786332677.687,0.5,0.8
1786332677.987,0.5,0.7
1786332678.288,0.4,0.9
1786332678.588,0.5,1.0
1786332678.888,0.3,0.9
1786332679.188,0.4,0.9
1786332679.489,0.5,0.8
1786332679.789,0.5,0.8
1786332680.089,0.4,0.9
1786332680.389,0.5,0.8
1786332680.689,0.4,0.9
1786332680.990,0.4,0.9
1786332681.290,0.4,0.8
1786332681.590,0.5,0.9
1786332681.890,0.4,0.8
1786332682.190,0.5,0.9
1786332682.491,0.6,0.7
1786332682.791,0.4,0.8
1786332683.091,0.5,0.7
1786332683.392,0.4,1.0
1786332683.692,0.4,0.8
1786332683.992,0.4,1.0
1786332684.293,0.6,0.9
1786332684.593,0.3,0.8
1786332684.893,0.4,0.9
1786332685.193,0.6,0.9
1786332685.493,0.3,0.9
1786332685.794,0.3,0.8
1786332686.094,0.5,1.1
1786332686.394,0.4,1.0
1786332686.694,0.5,0.8
1786332686.994,0.5,1.0
1786332687.295,0.4,1.0
1786332687.595,0.5,0.8
1786332687.895,0.5,0.9
1786332688.195,0.3,0.9
1786332688.495,0.4,0.9
1786332688.796,0.5,1.0
1786332689.096,0.5,0.9
1786332689.396,0.5,0.9
1786332689.697,0.4,0.9
1786332689.997,0.5,0.9
1786332690.297,0.3,1.0
1786332690.598,0.4,0.9
1786332690.898,0.4,0.9
1786332691.199,0.4,0.8
1786332691.499,0.2,0.9
1786332691.800,0.4,1.0
1786332692.100,0.4,0.8
1786332692.400,0.5,1.1
1786332692.701,0.4,1.0
1786332693.001,0.4,0.9
1786332693.301,0.3,1.0
1786332693.601,0.4,0.8
1786332693.901,0.4,0.9
1786332694.201,0.4,0.9
1786332694.502,0.3,0.8
1786332694.802,0.4,0.9
1786332695.103,0.4,1.0
1786332695.403,0.4,0.9
1786332695.703,0.4,0.9
1786332696.003,0.5,0.9
1786332696.303,0.5,0.8
1786332696.604,0.4,1.0
1786332696.904,0.4,0.9
1786332697.204,0.4,0.9
1786332697.504,0.3,0.9
1786332697.804,0.5,0.9
1786332698.104,0.4,1.0
1786332698.404,0.4,0.8
1786332698.705,0.3,0.8
1786332699.005,0.5,0.9
1786332699.305,0.5,0.8
1786332699.606,0.3,0.8
1786332699.906,0.4,1.0
1786332700.206,0.4,0.8
1786332700.507,0.6,0.8
1786332700.807,0.3,1.0
1786332701.107,0.5,1.0
1786332701.407,0.4,1.0
1786332701.707,0.4,0.8
1786332702.008,0.4,0.9
1786332702.308,0.5,0.9
1786332702.608,0.3,0.8
1786332702.908,0.4,0.8
1786332703.208,0.3,0.8
1786332703.509,0.2,0.9
1786332703.809,0.3,0.9
1786332704.109,0.4,1.0
1786332704.409,0.5,1.0
1786332704.710,0.4,0.9
1786332705.010,0.4,1.0
1786332705.311,0.4,0.8
1786332705.611,0.4,0.9
1786332705.911,0.4,1.0
1786332706.211,0.5,1.0
1786332706.512,0.5,0.8
1786332706.812,0.5,0.9
1786332707.112,0.3,1.0
1786332707.413,0.2,1.0
1786332707.713,0.4,1.0
1786332708.013,0.6,0.9
1786332708.313,0.6,1.0
1786332708.614,0.4,0.8
1786332708.914,0.5,0.9
1786332709.215,0.4,1.0
1786332709.515,0.3,0.9
1786332709.815,0.3,0.7
1786332710.115,0.4,0.7
1786332710.415,0.5,0.9
1786332710.716,0.4,0.9
1786332711.016,0.4,0.9
1786332711.316,0.5,1.0
1786332711.616,0.4,0.9
1786332711.916,0.6,0.7
1786332712.217,0.6,0.9
1786332712.517,0.5,0.9
1786332712.817,0.4,1.0
1786332713.117,0.4,0.9
1786332713.418,0.5,0.8
1786332713.718,0.3,0.9
1786332714.018,0.5,0.8
1786332714.318,0.6,0.9
1786332714.619,0.4,0.9
1786332714.919,0.2,0.9
1786332715.219,0.3,0.8
1786332715.519,0.5,1.0
1786332715.819,0.5,0.9
1786332716.120,0.4,1.0
1786332716.420,0.4,0.9
1786332716.720,0.5,0.9
1786332717.020,0.3,0.8
1786332717.320,0.3,1.0
1786332717.621,0.3,0.9
1786332717.921,0.5,0.9
1786332718.221,0.3,0.9
1786332718.521,0.3,1.0
1786332718.821,0.4,1.0
1786332719.122,0.3,0.9
1786332719.422,0.5,1.0
1786332719.722,0.5,0.9
1786332720.022,0.4,0.8
1786332720.322,0.4,0.9
1786332720.622,0.3,0.9
1786332720.923,0.3,0.9
1786332721.223,0.4,0.8
1786332721.523,0.5,0.9
1786332721.823,0.5,0.8
1786332722.123,0.3,0.7
1786332722.424,0.5,1.0
1786332722.724,0.5,0.7
1786332723.024,0.4,1.0
1786332723.324,0.3,0.8
1786332723.624,0.6,0.9
1786332723.924,0.3,0.9
1786332724.225,0.5,0.8
1786332724.525,0.3,0.8
1786332724.825,0.3,0.8
1786332725.125,0.6,0.8
1786332725.425,0.3,0.8
1786332725.726,0.5,0.8
1786332726.026,0.3,0.8
1786332726.326,0.6,1.0
1786332726.626,0.4,0.7
1786332726.927,0.4,0.9
1786332727.227,0.5,0.7
1786332727.527,0.3,0.8
1786332727.828,0.4,0.8
1786332728.128,0.4,0.9
1786332728.428,0.5,1.1
1786332728.728,0.4,0.9
1786332729.029,0.4,1.1
1786332729.329,0.5,0.7
1786332729.629,0.4,0.9
1786332729.930,0.5,1.0
1786332730.230,0.5,1.0
1786332730.530,0.5,0.9
1786332730.831,0.4,0.8
1786332731.131,0.3,0.8
1786332731.431,0.4,0.8
1786332731.731,0.3,0.8
1786332732.031,0.4,0.9
1786332732.331,0.6,1.0
1786332732.631,0.3,0.9
1786332732.932,0.4,0.8
1786332733.232,0.3,0.7
1786332733.532,0.3,0.8
1786332733.832,0.4,0.9
1786332734.132,0.4,0.9
1786332734.433,0.5,0.9
1786332734.733,0.5,1.0
1786332735.033,0.4,0.9
1786332735.333,0.4,0.9
1786332735.634,0.5,0.9
1786332735.934,0.4,1.0
1786332736.234,0.4,1.1
1786332736.534,0.4,0.8
1786332736.834,0.4,0.9
1786332737.135,0.5,0.8
1786332737.435,0.3,0.9
1786332737.735,0.5,0.9
1786332738.035,0.5,0.9
1786332738.336,0.4,0.8
1786332738.636,0.3,0.9
1786332738.937,0.5,0.8
1786332739.237,0.3,0.9
1786332739.537,0.3,0.8
1786332739.837,0.5,0.9
1786332740.138,0.5,0.7
1786332740.438,0.4,1.0
1786332740.738,0.4,0.8
1786332741.038,0.5,0.9
1786332741.339,0.4,0.9
1786332741.639,0.4,0.9
1786332741.939,0.5,0.9
1786332742.239,0.4,0.8
1786332742.539,0.4,1.1
1786332742.840,0.4,0.8
1786332743.140,0.5,0.9
1786332743.441,0.3,0.9
1786332743.741,0.5,0.9
1786332744.041,0.5,0.7
1786332744.341,0.5,0.9
1786332744.641,0.4,0.8
1786332744.942,0.5,1.0
1786332745.242,0.6,1.0
1786332745.542,0.3,1.0
1786332745.842,0.5,0.9
1786332746.142,0.4,0.7
1786332746.443,0.4,0.9
1786332746.743,0.3,0.9
1786332747.043,0.4,0.9
1786332747.343,0.4,0.9
1786332747.643,0.4,0.9
1786332747.944,0.4,0.8
1786332748.244,0.5,0.8
1786332748.544,0.3,0.8
1786332748.845,0.4,0.9
1786332749.145,0.6,0.8
1786332749.445,0.5,0.8
1786332749.746,0.4,1.0
1786332750.046,0.4,1.0
1786332750.346,0.4,0.8
1786332750.647,0.5,0.9
1786332750.947,0.3,0.9
1786332751.247,0.5,0.8
1786332751.547,0.3,0.6
1786332751.848,0.5,0.8
1786332752.148,0.4,0.7
1786332752.448,0.4,0.8
1786332752.748,0.4,0.9
1786332753.049,0.3,1.0
1786332753.349,0.3,0.8
1786332753.649,0.4,0.9
1786332753.950,0.4,1.1
1786332754.250,0.4,0.9
1786332754.550,0.4,0.9
1786332754.850,0.4,0.9
1786332755.150,0.5,0.8
1786332755.451,0.3,0.9
1786332755.751,0.5,1.0
1786332756.051,0.5,0.8
1786332756.351,0.4,0.9
1786332756.652,0.5,0.9
1786332756.952,0.4,0.9
1786332757.252,0.4,0.8
1786332757.552,0.5,0.9
1786332757.852,0.5,0.8
1786332758.153,0.4,0.8
1786332758.453,0.4,0.9
1786332758.753,0.4,0.7
1786332759.053,0.4,0.9
1786332759.353,0.4,0.9
1786332759.653,0.4,1.0
1786332759.953,0.4,1.0
1786332760.254,0.5,0.9
1786332760.554,0.4,0.9
1786332760.854,0.3,1.0
1786332761.154,0.5,0.9
1786332761.454,0.5,0.8
1786332761.755,0.4,0.8
1786332762.055,0.5,0.8
1786332762.355,0.4,0.9
1786332762.656,0.4,1.0
1786332762.956,0.3,0.8
1786332763.256,0.4,0.7
1786332763.556,0.4,0.9
1786332763.857,0.5,0.9
1786332764.157,0.4,0.8
1786332764.457,0.3,0.9
1786332764.757,0.5,1.0
1786332765.057,0.5,0.9
1786332765.358,0.4,0.9
1786332765.658,0.5,0.9
1786332765.958,0.4,0.9
1786332766.258,0.4,0.7
1786332766.558,0.4,1.0
1786332766.859,0.6,0.9
1786332767.159,0.5,1.0
1786332767.459,0.4,0.7
1786332767.759,0.4,0.8
1786332768.060,0.4,0.9
1786332768.360,0.4,0.9
1786332768.661,0.5,0.9
1786332768.961,0.4,1.0
1786332769.261,0.3,0.8
1786332769.561,0.3,1.0
1786332769.862,0.4,1.0
1786332770.162,0.5,0.8
1786332770.462,0.3,0.8
1786332770.762,0.6,0.9
1786332771.063,0.3,0.9
1786332771.363,0.4,0.8
1786332771.663,0.2,1.0
1786332771.963,0.2,1.0
1786332772.263,0.4,0.9
1786332772.564,0.5,0.9
1786332772.864,0.3,0.9
1786332773.164,0.4,0.9
1786332773.464,0.5,0.9
1786332773.765,0.3,1.0
1786332774.065,0.5,0.9
1786332774.365,0.3,0.9
1786332774.665,0.4,0.9
1786332774.965,0.2,0.8
1786332775.266,-0.0,1.1
1786332775.566,0.7,1.7
1786332775.866,2.1,2.4
1786332776.166,2.1,3.4
1786332776.467,2.1,2.8
1786332776.767,3.4,3.8
1786332777.067,1.9,3.6
1786332777.367,1.5,4.6
1786332777.667,1.6,4.8
1786332777.968,1.0,4.9
1786332778.268,1.5,4.5
1786332778.568,2.2,3.5
1786332778.868,2.5,3.3
1786332779.168,0.2,3.6
1786332779.469,1.6,4.1
1786332779.769,1.8,2.7
1786332780.069,1.6,1.2
1786332780.369,1.4,1.9
1786332780.670,1.6,2.0
1786332780.970,1.9,1.8
1786332781.270,1.6,2.0
1786332781.570,1.8,1.8
1786332781.870,1.6,1.9
1786332782.171,1.6,1.6
1786332782.471,1.6,1.8
1786332782.772,1.7,1.9
1786332783.072,1.8,1.7
1786332783.372,1.7,1.9
1786332783.672,1.7,1.9
1786332783.973,1.7,2.0
1786332784.273,1.8,1.9
1786332784.573,1.8,1.8
1786332784.874,1.7,1.8
1786332785.174,1.6,1.8
1786332785.474,1.7,1.9
1786332785.774,1.8,1.9
1786332786.075,1.8,1.8
1786332786.375,1.7,1.8
1786332786.676,1.6,1.8
1786332786.976,1.7,1.7
1786332787.276,1.6,1.8
1786332787.577,1.7,2.1
1786332787.877,1.8,1.9
1786332788.177,1.7,1.9
1786332788.477,1.7,1.9
1786332788.777,1.7,2.0
1786332789.078,1.7,1.7
1786332789.378,1.7,1.9
1786332789.678,1.5,2.0
1786332789.978,1.6,1.9
1786332790.278,1.6,1.9
