t_unix,bus_ts,tag,q2_deg
1786331498.3360,None,CMD_up2,None
1786331498.4275,1786331498.4249957,up2,79.19
1786331498.4532,1786331498.4510217,up2,79.19
1786331498.4858,1786331498.4833643,up2,79.19
1786331498.5118,1786331498.5094638,up2,79.19
1786331498.5440,1786331498.541537,up2,79.8
1786331498.5705,1786331498.568336,up2,79.8
1786331498.6029,1786331498.600676,up2,80.6
1786331498.6299,1786331498.627455,up2,80.6
1786331498.6641,1786331498.6610553,up2,81.3
1786331498.6910,1786331498.688607,up2,81.3
1786331498.7230,1786331498.7205892,up2,81.21
1786331498.7490,1786331498.746595,up2,81.21
1786331498.7810,1786331498.7784746,up2,81.21
1786331498.8073,1786331498.804991,up2,81.21
1786331498.8408,1786331498.838316,up2,81.21
1786331498.8679,1786331498.8654919,up2,81.21
1786331498.9009,1786331498.898108,up2,81.21
1786331498.9282,1786331498.9257433,up2,81.21
1786331498.9613,1786331498.9589007,up2,81.21
1786331498.9882,1786331498.9858563,up2,81.21
1786331499.0215,1786331499.0186305,up2,81.21
1786331499.0491,1786331499.0464153,up2,81.21
1786331499.0827,1786331499.0803297,up2,81.21
1786331499.1116,1786331499.1091917,up2,81.21
1786331499.1461,1786331499.1429613,up2,81.21
1786331499.1731,1786331499.1706116,up2,81.21
1786331499.2075,1786331499.2041502,up2,81.21
1786331499.2348,1786331499.2314446,up2,81.21
1786331499.2665,1786331499.2640493,up2,81.21
1786331499.2928,1786331499.2906344,up2,81.21
1786331499.3253,1786331499.322756,up2,81.21
1786331499.3528,1786331499.3500757,up2,81.21
1786331499.3858,1786331499.3834875,up2,81.21
1786331499.4132,1786331499.4105854,up2,81.21
1786331499.4456,1786331499.4432003,up2,81.21
1786331499.4731,1786331499.4704673,up2,81.21
1786331499.5074,1786331499.5049593,up2,81.21
1786331499.5344,1786331499.5319986,up2,81.21
1786331499.5673,1786331499.5649,up2,81.21
1786331499.5941,1786331499.5918372,up2,81.21
1786331499.6273,1786331499.6248252,up2,81.21
1786331499.6540,1786331499.6516447,up2,81.21
1786331499.6885,1786331499.6858287,up2,81.21
1786331499.7150,1786331499.7127273,up2,81.21
1786331499.7472,1786331499.7447815,up2,81.21
1786331499.7732,1786331499.7708206,up2,81.21
1786331499.8066,1786331499.80423,up2,81.21
1786331499.8338,1786331499.831311,up2,81.21
1786331499.8668,1786331499.8643067,up2,81.21
1786331499.8936,1786331499.8909414,up2,81.21
1786331499.9263,1786331499.9239342,up2,81.21
1786331499.9538,1786331499.9516096,up2,81.21
1786331499.9869,1786331499.9845214,up2,81.21
1786331500.0142,1786331500.0119393,up2,81.21
1786331500.0490,1786331500.0459228,up2,81.21
1786331500.0766,1786331500.0738,up2,81.21
1786331500.1100,1786331500.1071653,up2,81.21
1786331500.1387,1786331500.136388,up2,81.21
1786331500.1752,1786331500.1723456,up2,81.21
1786331500.2022,1786331500.2000277,up2,81.21
1786331500.2370,1786331500.234617,up2,81.21
1786331500.2634,1786331500.260966,up2,81.21
1786331500.2954,1786331500.2928998,up2,81.21
1786331500.3217,1786331500.3191535,up2,81.21
1786331500.3545,1786331500.3517056,up2,81.21
1786331500.3821,1786331500.3796053,up2,81.21
1786331500.4157,1786331500.41284,up2,81.21
1786331500.4424,1786331500.440267,up2,81.21
1786331500.4756,1786331500.4728456,up2,81.21
1786331500.5033,1786331500.5007124,up2,81.21
1786331500.5364,1786331500.5337167,up2,81.21
1786331500.5631,1786331500.560898,up2,81.21
1786331500.5966,1786331500.59424,up2,81.21
1786331500.6234,1786331500.6208894,up2,81.21
1786331500.6565,1786331500.6534157,up2,81.21
1786331500.6835,1786331500.680925,up2,81.21
1786331500.7168,1786331500.714334,up2,81.21
1786331500.7433,1786331500.7406433,up2,81.21
1786331500.7814,1786331500.778475,up2,81.21
1786331500.8081,1786331500.8056955,up2,81.21
1786331500.8406,1786331500.8379624,up2,81.21
1786331500.8674,1786331500.8649895,up2,81.21
1786331500.9011,1786331500.897667,up2,81.21
1786331500.9284,1786331500.9256368,up2,81.21
1786331500.9619,1786331500.9593365,up2,81.21
1786331500.9892,1786331500.98664,up2,81.21
1786331501.0226,1786331501.020273,up2,81.21
1786331501.0500,1786331501.0476384,up2,81.21
1786331501.0829,1786331501.0805163,up2,81.21
1786331501.1102,1786331501.1078587,up2,81.21
1786331501.1426,1786331501.1402156,up2,81.21
1786331501.1690,1786331501.1665454,up2,81.21
1786331501.2033,1786331501.200182,up2,81.21
1786331501.2286,1786331501.2264426,up2,81.21
1786331501.2606,1786331501.2584333,up2,81.21
1786331501.2865,1786331501.2843804,up2,81.21
1786331501.3199,1786331501.3173091,up2,81.21
1786331501.3460,1786331501.3437119,up2,81.21
1786331501.3800,1786331501.377364,up2,81.21
1786331501.4075,1786331501.40469,up2,81.21
1786331501.4277,None,CMD_dn2,None
1786331501.4722,1786331501.4694664,dn2,81.21
1786331501.5054,1786331501.502242,dn2,81.21
1786331501.5328,1786331501.530215,dn2,81.21
1786331501.5663,1786331501.5635192,dn2,80.42
1786331501.5944,1786331501.5915804,dn2,80.42
1786331501.6270,1786331501.6247149,dn2,79.45
1786331501.6543,1786331501.6514714,dn2,79.45
1786331501.6874,1786331501.6848407,dn2,79.19
1786331501.7139,1786331501.7116036,dn2,79.19
1786331501.7456,1786331501.743188,dn2,79.19
1786331501.7720,1786331501.7697387,dn2,79.19
1786331501.8057,1786331501.802917,dn2,79.19
1786331501.8333,1786331501.8307378,dn2,79.19
1786331501.8666,1786331501.863891,dn2,79.19
1786331501.8938,1786331501.8916638,dn2,79.19
1786331501.9267,1786331501.9242008,dn2,79.19
1786331501.9540,1786331501.9517174,dn2,79.19
1786331501.9885,1786331501.9855611,dn2,79.19
1786331502.0155,1786331502.01276,dn2,79.19
1786331502.0493,1786331502.046639,dn2,79.19
1786331502.0765,1786331502.0738716,dn2,79.19
1786331502.1100,1786331502.107154,dn2,79.19
1786331502.1370,1786331502.134358,dn2,79.19
1786331502.1699,1786331502.1674829,dn2,79.19
1786331502.1965,1786331502.1942785,dn2,79.19
1786331502.2279,1786331502.2255242,dn2,79.19
1786331502.2536,1786331502.2512362,dn2,79.19
1786331502.2857,1786331502.283408,dn2,79.19
1786331502.3124,1786331502.3097932,dn2,79.19
1786331502.3458,1786331502.3427749,dn2,79.19
1786331502.3731,1786331502.3706007,dn2,79.19
1786331502.4074,1786331502.4041739,dn2,79.19
1786331502.4338,1786331502.4316626,dn2,79.19
1786331502.4667,1786331502.4641895,dn2,79.19
1786331502.4928,1786331502.4905946,dn2,79.19
1786331502.5260,1786331502.5232913,dn2,79.19
1786331502.5536,1786331502.5510206,dn2,79.19
1786331502.5890,1786331502.5861428,dn2,79.19
1786331502.6158,1786331502.6132798,dn2,79.19
1786331502.6491,1786331502.6461625,dn2,79.19
1786331502.6772,1786331502.6743512,dn2,79.19
1786331502.7113,1786331502.7085836,dn2,79.19
1786331502.7380,1786331502.7357275,dn2,79.19
1786331502.7708,1786331502.7683513,dn2,79.19
1786331502.7970,1786331502.794675,dn2,79.19
1786331502.8299,1786331502.8272517,dn2,79.19
1786331502.8571,1786331502.8547513,dn2,79.19
1786331502.8903,1786331502.8880312,dn2,79.19
1786331502.9172,1786331502.914412,dn2,79.19
1786331502.9495,1786331502.9471507,dn2,79.19
1786331502.9756,1786331502.973265,dn2,79.19
1786331503.0089,1786331503.0062268,dn2,79.19
1786331503.0347,1786331503.0323424,dn2,79.19
1786331503.0666,1786331503.064291,dn2,79.19
1786331503.0940,1786331503.0912755,dn2,79.19
1786331503.1268,1786331503.124104,dn2,79.19
1786331503.1537,1786331503.1514306,dn2,79.19
1786331503.1861,1786331503.183987,dn2,79.19
1786331503.2134,1786331503.2106686,dn2,79.19
1786331503.2396,1786331503.237182,dn2,79.19
1786331503.2708,1786331503.2685223,dn2,79.19
1786331503.2971,1786331503.2944922,dn2,79.19
1786331503.3295,1786331503.327133,dn2,79.19
1786331503.3566,1786331503.3539922,dn2,79.19
1786331503.3901,1786331503.386932,dn2,79.19
1786331503.4165,1786331503.4143848,dn2,79.19
1786331503.4486,1786331503.446101,dn2,79.19
1786331503.4757,1786331503.47291,dn2,79.19
1786331503.5095,1786331503.5066955,dn2,79.19
1786331503.5365,1786331503.5342338,dn2,79.19
1786331503.5705,1786331503.5681045,dn2,79.19
1786331503.5973,1786331503.5948062,dn2,79.19
1786331503.6300,1786331503.6273248,dn2,79.19
1786331503.6572,1786331503.6548805,dn2,79.19
1786331503.6906,1786331503.6878114,dn2,79.19
1786331503.7182,1786331503.7157834,dn2,79.19
1786331503.7499,1786331503.747602,dn2,79.19
1786331503.7759,1786331503.7736077,dn2,79.19
1786331503.8079,1786331503.8054187,dn2,79.19
1786331503.8336,1786331503.831475,dn2,79.19
1786331503.8669,1786331503.8641918,dn2,79.19
1786331503.8939,1786331503.8918993,dn2,79.19
1786331503.9265,1786331503.9241817,dn2,79.19
1786331503.9525,1786331503.9503753,dn2,79.19
1786331503.9853,1786331503.9828324,dn2,79.19
1786331504.0124,1786331504.0098832,dn2,79.19
1786331504.0457,1786331504.0429323,dn2,79.19
1786331504.0726,1786331504.0699058,dn2,79.19
1786331504.1054,1786331504.1029112,dn2,79.19
1786331504.1320,1786331504.1294878,dn2,79.19
1786331504.1643,1786331504.1620886,dn2,79.19
1786331504.1914,1786331504.188668,dn2,79.19
1786331504.2228,1786331504.2206247,dn2,79.19
1786331504.2489,1786331504.2465873,dn2,79.19
1786331504.2815,1786331504.2789154,dn2,79.19
1786331504.3077,1786331504.3052855,dn2,79.19
1786331504.3403,1786331504.337479,dn2,79.19
1786331504.3665,1786331504.3639915,dn2,79.19
1786331504.4001,1786331504.3972423,dn2,79.19
1786331504.4263,1786331504.4241033,dn2,79.19
1786331504.4598,1786331504.4568524,dn2,79.19
1786331504.4800,None,CMD_up5,None
1786331504.4985,1786331504.4966254,up5,79.19
1786331504.5314,1786331504.5289843,up5,79.19
1786331504.5582,1786331504.5559373,up5,79.19
1786331504.5920,1786331504.589089,up5,79.45
1786331504.6193,1786331504.6168242,up5,79.45
1786331504.6523,1786331504.6495936,up5,80.68
1786331504.6797,1786331504.6771235,up5,80.68
1786331504.7131,1786331504.7104118,up5,82.62
1786331504.7388,1786331504.7365952,up5,82.62
1786331504.7709,1786331504.768424,up5,83.94
1786331504.7972,1786331504.7947145,up5,83.94
1786331504.8294,1786331504.8270335,up5,84.02
1786331504.8563,1786331504.8539019,up5,84.02
1786331504.8893,1786331504.8862128,up5,84.02
1786331504.9170,1786331504.9144154,up5,84.02
1786331504.9500,1786331504.9471948,up5,84.02
1786331504.9775,1786331504.9751198,up5,84.02
1786331505.0112,1786331505.008312,up5,84.02
1786331505.0385,1786331505.0358355,up5,84.02
1786331505.0710,1786331505.0687754,up5,84.02
1786331505.0983,1786331505.0959504,up5,84.02
1786331505.1316,1786331505.1290855,up5,84.02
1786331505.1589,1786331505.15639,up5,84.02
1786331505.1924,1786331505.1895432,up5,84.02
1786331505.2197,1786331505.2175055,up5,84.02
1786331505.2509,1786331505.2488284,up5,84.02
1786331505.2769,1786331505.2746162,up5,84.02
1786331505.3100,1786331505.307695,up5,84.02
1786331505.3368,1786331505.3341546,up5,84.02
1786331505.3693,1786331505.3667781,up5,84.02
1786331505.3968,1786331505.3942869,up5,84.02
1786331505.4295,1786331505.4271722,up5,84.02
1786331505.4564,1786331505.4540386,up5,84.02
1786331505.4900,1786331505.4875138,up5,84.02
1786331505.5169,1786331505.5144043,up5,84.02
1786331505.5497,1786331505.547319,up5,84.02
1786331505.5764,1786331505.5741096,up5,84.02
1786331505.6089,1786331505.6066597,up5,84.02
1786331505.6365,1786331505.6339521,up5,84.02
1786331505.6696,1786331505.6672504,up5,84.02
1786331505.6952,1786331505.6930778,up5,84.02
1786331505.7273,1786331505.7248452,up5,84.02
1786331505.7541,1786331505.7515368,up5,84.02
1786331505.7872,1786331505.7845445,up5,84.02
1786331505.8139,1786331505.8114133,up5,84.02
1786331505.8471,1786331505.8443835,up5,84.02
1786331505.8743,1786331505.8716853,up5,84.02
1786331505.9066,1786331505.9042516,up5,84.02
1786331505.9337,1786331505.9315257,up5,84.02
1786331505.9661,1786331505.963705,up5,84.02
1786331505.9932,1786331505.990657,up5,84.02
1786331506.0267,1786331506.0238085,up5,84.02
1786331506.0544,1786331506.0516942,up5,84.02
1786331506.0878,1786331506.0853355,up5,84.02
1786331506.1145,1786331506.1119018,up5,84.02
1786331506.1482,1786331506.14517,up5,84.02
1786331506.1766,1786331506.1744819,up5,84.02
1786331506.2087,1786331506.2061498,up5,84.02
1786331506.2354,1786331506.2326984,up5,84.02
1786331506.2622,1786331506.2595253,up5,84.02
1786331506.2944,1786331506.292054,up5,84.02
1786331506.3217,1786331506.3190112,up5,84.02
1786331506.3553,1786331506.3529027,up5,84.02
1786331506.3827,1786331506.3799748,up5,84.02
1786331506.4157,1786331506.4131477,up5,84.02
1786331506.4439,1786331506.441156,up5,84.02
1786331506.4767,1786331506.474461,up5,84.02
1786331506.5030,1786331506.5008323,up5,84.02
1786331506.5379,1786331506.5350318,up5,84.02
1786331506.5644,1786331506.5622284,up5,84.02
1786331506.5979,1786331506.5952008,up5,84.02
1786331506.6251,1786331506.6225755,up5,84.02
1786331506.6588,1786331506.655814,up5,84.02
1786331506.6863,1786331506.6839368,up5,84.02
1786331506.7195,1786331506.7168279,up5,84.02
1786331506.7461,1786331506.7438176,up5,84.02
1786331506.7784,1786331506.7760363,up5,84.02
1786331506.8044,1786331506.80192,up5,84.02
1786331506.8368,1786331506.8342414,up5,84.02
1786331506.8630,1786331506.860549,up5,84.02
1786331506.8973,1786331506.8946662,up5,84.02
1786331506.9235,1786331506.921098,up5,84.02
1786331506.9557,1786331506.953142,up5,84.02
1786331506.9830,1786331506.9807718,up5,84.02
1786331507.0164,1786331507.0139005,up5,84.02
1786331507.0433,1786331507.0408733,up5,84.02
1786331507.0767,1786331507.0742047,up5,84.02
1786331507.1041,1786331507.101414,up5,84.02
1786331507.1370,1786331507.1342044,up5,84.02
1786331507.1647,1786331507.1621628,up5,84.02
1786331507.1978,1786331507.194947,up5,84.02
1786331507.2245,1786331507.222469,up5,84.02
1786331507.2586,1786331507.2563412,up5,84.02
1786331507.2859,1786331507.283354,up5,84.02
1786331507.3186,1786331507.3158011,up5,84.02
1786331507.3461,1786331507.3433964,up5,84.02
1786331507.3809,1786331507.3778784,up5,84.02
1786331507.4074,1786331507.4050767,up5,84.02
1786331507.4410,1786331507.4384143,up5,84.02
1786331507.4679,1786331507.465526,up5,84.02
1786331507.5006,1786331507.4982815,up5,84.02
1786331507.5208,None,CMD_dn5,None
1786331507.5402,1786331507.53826,dn5,84.02
1786331507.5732,1786331507.570518,dn5,84.02
1786331507.5999,1786331507.597498,dn5,84.02
1786331507.6339,1786331507.6309447,dn5,83.41
1786331507.6614,1786331507.6589353,dn5,83.41
1786331507.6949,1786331507.692691,dn5,81.83
1786331507.7220,1786331507.7195442,dn5,81.83
1786331507.7549,1786331507.7524989,dn5,80.24
1786331507.7810,1786331507.7788138,dn5,80.24
1786331507.8142,1786331507.811937,dn5,79.37
1786331507.8408,1786331507.838263,dn5,79.37
1786331507.8736,1786331507.8712747,dn5,79.19
1786331507.9009,1786331507.898188,dn5,79.19
1786331507.9353,1786331507.9322562,dn5,79.19
1786331507.9633,1786331507.9606957,dn5,79.19
1786331507.9968,1786331507.9940004,dn5,79.19
1786331508.0239,1786331508.0210893,dn5,79.19
1786331508.0570,1786331508.0543327,dn5,79.19
1786331508.0843,1786331508.0817695,dn5,79.19
1786331508.1171,1786331508.1140807,dn5,79.19
1786331508.1441,1786331508.1416945,dn5,79.19
1786331508.1768,1786331508.1745725,dn5,79.19
1786331508.2056,1786331508.203303,dn5,79.19
1786331508.2387,1786331508.2361526,dn5,79.19
1786331508.2650,1786331508.2625167,dn5,79.19
1786331508.2972,1786331508.2950394,dn5,79.19
1786331508.3229,1786331508.320667,dn5,79.19
1786331508.3555,1786331508.353035,dn5,79.19
1786331508.3817,1786331508.3794498,dn5,79.19
1786331508.4149,1786331508.4119608,dn5,79.19
1786331508.4424,1786331508.4401617,dn5,79.19
1786331508.4769,1786331508.4741585,dn5,79.19
1786331508.5044,1786331508.50154,dn5,79.19
1786331508.5376,1786331508.534735,dn5,79.19
1786331508.5644,1786331508.5619795,dn5,79.19
1786331508.5976,1786331508.594791,dn5,79.19
1786331508.6244,1786331508.6221735,dn5,79.19
1786331508.6568,1786331508.6544814,dn5,79.19
1786331508.6835,1786331508.681013,dn5,79.19
1786331508.7149,1786331508.7125568,dn5,79.19
1786331508.7409,1786331508.7386696,dn5,79.19
1786331508.7737,1786331508.7711701,dn5,79.19
1786331508.8004,1786331508.7978501,dn5,79.19
1786331508.8323,1786331508.8298693,dn5,79.19
1786331508.8593,1786331508.8565838,dn5,79.19
1786331508.8922,1786331508.8896453,dn5,79.19
1786331508.9194,1786331508.9169414,dn5,79.19
1786331508.9559,1786331508.950249,dn5,79.19
1786331508.9827,1786331508.980445,dn5,79.19
1786331509.0161,1786331509.01366,dn5,79.19
1786331509.0430,1786331509.0408764,dn5,79.19
1786331509.0759,1786331509.0733473,dn5,79.19
1786331509.1027,1786331509.1001,dn5,79.19
1786331509.1364,1786331509.1333244,dn5,79.19
1786331509.1629,1786331509.1607914,dn5,79.19
1786331509.1948,1786331509.192487,dn5,79.19
1786331509.2214,1786331509.2191498,dn5,79.19
1786331509.2480,1786331509.2456126,dn5,79.19
1786331509.2747,1786331509.2724495,dn5,79.19
1786331509.3080,1786331509.3053818,dn5,79.19
1786331509.3357,1786331509.3331504,dn5,79.19
1786331509.3689,1786331509.3663366,dn5,79.19
1786331509.3955,1786331509.3931048,dn5,79.19
1786331509.4290,1786331509.4262335,dn5,79.19
1786331509.4563,1786331509.4539835,dn5,79.19
1786331509.4894,1786331509.486682,dn5,79.19
1786331509.5161,1786331509.5136316,dn5,79.19
1786331509.5505,1786331509.547705,dn5,79.19
1786331509.5778,1786331509.5754933,dn5,79.19
1786331509.6120,1786331509.6093762,dn5,79.19
1786331509.6385,1786331509.636211,dn5,79.19
1786331509.6701,1786331509.6680126,dn5,79.19
1786331509.6958,1786331509.693363,dn5,79.19
1786331509.7287,1786331509.7259533,dn5,79.19
1786331509.7546,1786331509.7525444,dn5,79.19
1786331509.7882,1786331509.7855854,dn5,79.19
1786331509.8148,1786331509.8121567,dn5,79.19
1786331509.8483,1786331509.8454244,dn5,79.19
1786331509.8742,1786331509.8721857,dn5,79.19
1786331509.9083,1786331509.905303,dn5,79.19
1786331509.9359,1786331509.9330645,dn5,79.19
1786331509.9695,1786331509.9666061,dn5,79.19
1786331509.9966,1786331509.9940562,dn5,79.19
1786331510.0306,1786331510.0277677,dn5,79.19
1786331510.0569,1786331510.0547318,dn5,79.19
1786331510.0898,1786331510.0871532,dn5,79.19
1786331510.1168,1786331510.1144764,dn5,79.19
1786331510.1491,1786331510.1466784,dn5,79.19
1786331510.1757,1786331510.1733456,dn5,79.19
1786331510.2072,1786331510.204893,dn5,79.19
1786331510.2334,1786331510.2309165,dn5,79.19
1786331510.2658,1786331510.263558,dn5,79.19
1786331510.2924,1786331510.2898812,dn5,79.19
1786331510.3256,1786331510.3228106,dn5,79.19
1786331510.3531,1786331510.35034,dn5,79.19
1786331510.3863,1786331510.3835948,dn5,79.19
1786331510.4127,1786331510.4103956,dn5,79.19
1786331510.4451,1786331510.442617,dn5,79.19
1786331510.4716,1786331510.4691925,dn5,79.19
1786331510.5055,1786331510.502577,dn5,79.19
1786331510.5324,1786331510.5301108,dn5,79.19
1786331510.5526,None,CMD_up10,None
1786331510.5956,1786331510.5933459,up10,79.19
1786331510.6300,1786331510.6266181,up10,79.19
1786331510.6578,1786331510.6553304,up10,79.19
1786331510.6890,1786331510.6868162,up10,79.54
1786331510.7146,1786331510.7126281,up10,79.54
1786331510.7467,1786331510.7442074,up10,80.68
1786331510.7734,1786331510.7710524,up10,80.68
1786331510.8061,1786331510.8037975,up10,82.88
1786331510.8330,1786331510.8304436,up10,82.88
1786331510.8652,1786331510.8625824,up10,84.99
1786331510.8922,1786331510.889449,up10,84.99
1786331510.9256,1786331510.9229295,up10,87.01
1786331510.9529,1786331510.9505808,up10,87.01
1786331510.9853,1786331510.982832,up10,88.33
1786331511.0138,1786331511.010998,up10,88.33
1786331511.0466,1786331511.044242,up10,88.86
1786331511.0740,1786331511.0716178,up10,88.86
1786331511.1074,1786331511.1044643,up10,88.86
1786331511.1339,1786331511.1315987,up10,88.86
1786331511.1654,1786331511.1630201,up10,88.86
1786331511.1913,1786331511.189025,up10,88.86
1786331511.2233,1786331511.2210417,up10,88.86
1786331511.2493,1786331511.247462,up10,88.86
1786331511.2810,1786331511.2786758,up10,88.86
1786331511.3083,1786331511.305692,up10,88.86
1786331511.3413,1786331511.3387132,up10,88.86
1786331511.3686,1786331511.3663476,up10,88.86
1786331511.4016,1786331511.398974,up10,88.86
1786331511.4284,1786331511.4261508,up10,88.86
1786331511.4612,1786331511.45881,up10,88.86
1786331511.4886,1786331511.4862413,up10,88.86
1786331511.5213,1786331511.518979,up10,88.86
1786331511.5488,1786331511.546113,up10,88.86
1786331511.5961,1786331511.5936317,up10,88.86
1786331511.6227,1786331511.6204667,up10,88.86
1786331511.6542,1786331511.651894,up10,88.86
1786331511.6807,1786331511.6784728,up10,88.86
1786331511.7135,1786331511.7109194,up10,88.86
1786331511.7411,1786331511.7385685,up10,88.86
1786331511.7725,1786331511.7702549,up10,88.86
1786331511.7993,1786331511.7970078,up10,88.86
1786331511.8324,1786331511.8298697,up10,88.86
1786331511.8593,1786331511.8568873,up10,88.86
1786331511.8922,1786331511.8892684,up10,88.86
1786331511.9197,1786331511.9170492,up10,88.86
1786331511.9532,1786331511.950286,up10,88.86
1786331511.9800,1786331511.9775798,up10,88.86
1786331512.0133,1786331512.010622,up10,88.86
1786331512.0404,1786331512.0379572,up10,88.86
1786331512.0728,1786331512.0705783,up10,88.86
1786331512.0996,1786331512.0970309,up10,88.86
1786331512.1336,1786331512.1313288,up10,88.86
1786331512.1599,1786331512.157619,up10,88.86
1786331512.1917,1786331512.189329,up10,88.86
1786331512.2184,1786331512.216054,up10,88.86
1786331512.2602,1786331512.2575204,up10,88.86
1786331512.2876,1786331512.2851777,up10,88.86
1786331512.3206,1786331512.317871,up10,88.86
1786331512.3476,1786331512.3451154,up10,88.86
1786331512.3809,1786331512.3783743,up10,88.86
1786331512.4078,1786331512.404978,up10,88.86
1786331512.4428,1786331512.4399245,up10,88.86
1786331512.4700,1786331512.4673946,up10,88.86
1786331512.5040,1786331512.5011353,up10,88.86
1786331512.5310,1786331512.528385,up10,88.86
1786331512.5641,1786331512.5613003,up10,88.86
1786331512.5913,1786331512.58899,up10,88.86
1786331512.6274,1786331512.6253936,up10,88.86
1786331512.6533,1786331512.6509414,up10,88.86
1786331512.6859,1786331512.6833675,up10,88.86
1786331512.7124,1786331512.7097979,up10,88.86
1786331512.7449,1786331512.7425807,up10,88.86
1786331512.7717,1786331512.7691624,up10,88.86
1786331512.8048,1786331512.8018837,up10,88.86
1786331512.8312,1786331512.8288536,up10,88.86
1786331512.8638,1786331512.8614008,up10,88.86
1786331512.8902,1786331512.8877058,up10,88.86
1786331512.9235,1786331512.920745,up10,88.86
1786331512.9500,1786331512.9474194,up10,88.86
1786331512.9826,1786331512.9803047,up10,88.86
1786331513.0105,1786331513.0077648,up10,88.86
1786331513.0441,1786331513.0415587,up10,88.86
1786331513.0714,1786331513.068772,up10,88.86
1786331513.1041,1786331513.1016572,up10,88.86
1786331513.1324,1786331513.1300464,up10,88.86
1786331513.1645,1786331513.1617634,up10,88.86
1786331513.1912,1786331513.18865,up10,88.86
1786331513.2230,1786331513.2205093,up10,88.86
1786331513.2496,1786331513.2472527,up10,88.86
1786331513.2826,1786331513.2802749,up10,88.86
1786331513.3100,1786331513.3074017,up10,88.86
1786331513.3421,1786331513.3399794,up10,88.86
1786331513.3692,1786331513.3664474,up10,88.86
1786331513.4033,1786331513.4004102,up10,88.86
1786331513.4314,1786331513.4284246,up10,88.86
1786331513.4638,1786331513.4613237,up10,88.86
1786331513.4904,1786331513.487814,up10,88.86
1786331513.5246,1786331513.5216963,up10,88.86
1786331513.5525,1786331513.5497513,up10,88.86
1786331513.5857,1786331513.5828464,up10,88.86
1786331513.6061,None,CMD_dn10,None
1786331513.6266,1786331513.6241076,dn10,88.86
1786331513.6578,1786331513.655474,dn10,88.86
1786331513.6838,1786331513.681349,dn10,88.86
1786331513.7169,1786331513.7140636,dn10,88.68
1786331513.7434,1786331513.7410648,dn10,88.68
1786331513.7753,1786331513.773224,dn10,87.28
1786331513.8020,1786331513.799452,dn10,87.28
1786331513.8356,1786331513.8329554,dn10,85.08
1786331513.8624,1786331513.8601341,dn10,85.08
1786331513.8958,1786331513.892938,dn10,82.97
1786331513.9226,1786331513.9200606,dn10,82.97
1786331513.9560,1786331513.9535737,dn10,80.95
1786331513.9832,1786331513.9804235,dn10,80.95
1786331514.0162,1786331514.0134468,dn10,79.72
1786331514.0437,1786331514.0414956,dn10,79.72
1786331514.0806,1786331514.0777903,dn10,79.19
1786331514.1069,1786331514.1049063,dn10,79.19
1786331514.1388,1786331514.1365325,dn10,79.19
1786331514.1654,1786331514.1629474,dn10,79.19
1786331514.1979,1786331514.1956131,dn10,79.19
1786331514.2252,1786331514.2227998,dn10,79.19
1786331514.2595,1786331514.2570288,dn10,79.19
1786331514.2861,1786331514.2835696,dn10,79.19
1786331514.3188,1786331514.3165333,dn10,79.19
1786331514.3470,1786331514.344344,dn10,79.19
1786331514.3794,1786331514.3770323,dn10,79.19
1786331514.4068,1786331514.404232,dn10,79.19
1786331514.4395,1786331514.437004,dn10,79.19
1786331514.4670,1786331514.4644752,dn10,79.19
1786331514.5001,1786331514.4975522,dn10,79.19
1786331514.5272,1786331514.524516,dn10,79.19
1786331514.5594,1786331514.5569546,dn10,79.19
1786331514.5854,1786331514.5831265,dn10,79.19
1786331514.6168,1786331514.6141148,dn10,79.19
1786331514.6430,1786331514.6406403,dn10,79.19
1786331514.6750,1786331514.6726942,dn10,79.19
1786331514.7022,1786331514.6996458,dn10,79.19
1786331514.7345,1786331514.7320838,dn10,79.19
1786331514.7624,1786331514.7595673,dn10,79.19
1786331514.7959,1786331514.7934701,dn10,79.19
1786331514.8225,1786331514.8197806,dn10,79.19
1786331514.8549,1786331514.852609,dn10,79.19
1786331514.8824,1786331514.8796508,dn10,79.19
1786331514.9163,1786331514.9134064,dn10,79.19
1786331514.9429,1786331514.9407194,dn10,79.19
1786331514.9764,1786331514.973454,dn10,79.19
1786331515.0034,1786331515.0009897,dn10,79.19
1786331515.0362,1786331515.0337718,dn10,79.19
1786331515.0626,1786331515.0602415,dn10,79.19
1786331515.0945,1786331515.092297,dn10,79.19
1786331515.1213,1786331515.1185818,dn10,79.19
1786331515.1539,1786331515.1514173,dn10,79.19
1786331515.1813,1786331515.1784182,dn10,79.19
1786331515.2148,1786331515.2120678,dn10,79.19
1786331515.2419,1786331515.239405,dn10,79.19
1786331515.2839,1786331515.2812665,dn10,79.19
1786331515.3115,1786331515.3085427,dn10,79.19
1786331515.3451,1786331515.3419452,dn10,79.19
1786331515.3719,1786331515.3695023,dn10,79.19
1786331515.4045,1786331515.4021726,dn10,79.19
1786331515.4310,1786331515.4288225,dn10,79.19
1786331515.4652,1786331515.4623353,dn10,79.19
1786331515.4925,1786331515.490013,dn10,79.19
1786331515.5253,1786331515.52253,dn10,79.19
1786331515.5527,1786331515.5499735,dn10,79.19
1786331515.5863,1786331515.5839696,dn10,79.19
1786331515.6140,1786331515.6110601,dn10,79.19
1786331515.6458,1786331515.6435366,dn10,79.19
1786331515.6719,1786331515.6694357,dn10,79.19
1786331515.7048,1786331515.702221,dn10,79.19
1786331515.7313,1786331515.7287354,dn10,79.19
1786331515.7628,1786331515.7604058,dn10,79.19
1786331515.7898,1786331515.7871559,dn10,79.19
1786331515.8240,1786331515.8212152,dn10,79.19
1786331515.8505,1786331515.8481958,dn10,79.19
1786331515.8840,1786331515.881125,dn10,79.19
1786331515.9110,1786331515.9082701,dn10,79.19
1786331515.9439,1786331515.9414139,dn10,79.19
1786331515.9708,1786331515.9682555,dn10,79.19
1786331516.0046,1786331516.0016186,dn10,79.19
1786331516.0321,1786331516.029574,dn10,79.19
1786331516.0648,1786331516.0621154,dn10,79.19
1786331516.0920,1786331516.0893962,dn10,79.19
1786331516.1237,1786331516.1213632,dn10,79.19
1786331516.1495,1786331516.1474366,dn10,79.19
1786331516.1821,1786331516.1795344,dn10,79.19
1786331516.2085,1786331516.2063613,dn10,79.19
1786331516.2429,1786331516.2396219,dn10,79.19
1786331516.2698,1786331516.2672026,dn10,79.19
1786331516.3033,1786331516.3004632,dn10,79.19
1786331516.3301,1786331516.327553,dn10,79.19
1786331516.3646,1786331516.361657,dn10,79.19
1786331516.3909,1786331516.3885756,dn10,79.19
1786331516.4243,1786331516.42153,dn10,79.19
1786331516.4510,1786331516.4487119,dn10,79.19
1786331516.4850,1786331516.4823084,dn10,79.19
1786331516.5118,1786331516.5092282,dn10,79.19
1786331516.5447,1786331516.5420969,dn10,79.19
1786331516.5722,1786331516.5692968,dn10,79.19
1786331516.6035,1786331516.601338,dn10,79.19
