t_s,tick,seg,phase,joint,t_send_s,t_recv_s,overrun,q0_deg,q1_deg,q2_deg,q3_deg,q4_deg,q5_deg,q6_deg,q7_deg,q8_deg,q9_deg,q10_deg,q11_deg,q12_deg,q13_deg,q14_deg,q15_deg,q16_deg,q17_deg,cmd0_deg,cmd1_deg,cmd2_deg,cmd3_deg,cmd4_deg,cmd5_deg,cmd6_deg,cmd7_deg,cmd8_deg,cmd9_deg,cmd10_deg,cmd11_deg,cmd12_deg,cmd13_deg,cmd14_deg,cmd15_deg,cmd16_deg,cmd17_deg,cur_a,load_pct,volt,temp_c
0.0011,-184,-1,glide,-1,0.0011,0.0102,0,-0.527,-21.885,58.359,0.703,-11.953,42.539,2.461,-24.873,73.740,2.373,0.967,73.564,1.670,-17.578,77.783,-0.967,-18.809,68.027,-0.527,-21.885,58.359,0.703,-11.953,42.539,2.461,-24.873,73.740,2.373,0.967,73.564,1.670,-17.578,77.783,-0.967,-18.809,68.027,0.000,0.0,12.00,32.0
0.0414,-183,-1,glide,-1,0.0414,0.0507,0,-0.527,-21.885,58.359,0.703,-11.953,42.539,2.461,-24.873,73.740,2.373,0.967,73.564,1.670,-17.578,77.783,-0.967,-18.809,68.027,-0.527,-21.882,58.353,0.703,-11.951,42.534,2.461,-24.870,73.732,2.373,0.967,73.556,1.670,-17.576,77.774,-0.966,-18.806,68.019,0.000,0.0,12.00,32.0
0.0814,-182,-1,glide,-1,0.0814,0.0908,0,-0.527,-21.885,58.359,0.703,-11.953,42.539,2.461,-24.873,73.740,2.373,0.967,73.564,1.670,-17.578,77.783,-0.967,-18.809,68.027,-0.527,-21.874,58.333,0.704,-11.947,42.520,2.460,-24.862,73.706,2.371,0.967,73.530,1.670,-17.570,77.747,-0.966,-18.799,67.996,0.000,0.0,12.00,32.0
0.1214,-181,-1,glide,-1,0.1214,0.1307,0,-0.527,-21.885,58.359,0.703,-11.953,42.539,2.461,-24.873,73.740,2.373,0.967,73.564,1.670,-17.578,77.783,-0.967,-18.809,68.027,-0.527,-21.860,58.299,0.704,-11.938,42.496,2.460,-24.848,73.664,2.369,0.968,73.488,1.670,-17.561,77.703,-0.964,-18.787,67.957,0.000,0.0,12.00,32.0
0.1616,-180,-1,glide,-1,0.1616,1.6563,0,-0.527,-21.885,58.359,0.703,-11.953,42.539,2.461,-24.873,73.740,2.373,0.967,73.477,1.670,-17.578,77.695,-0.967,-18.809,68.027,-0.526,-21.840,58.253,0.705,-11.927,42.462,2.459,-24.829,73.606,2.366,0.968,73.430,1.669,-17.548,77.640,-0.962,-18.770,67.903,0.006,2.4,12.00,32.0
1.6833,-179,-1,glide,-1,1.6833,1.6973,0,-0.527,-21.885,58.359,0.703,-11.953,42.539,2.461,-24.873,73.740,2.373,0.967,73.477,1.670,-17.578,77.695,-0.967,-18.809,68.027,-0.526,-21.816,58.194,0.705,-11.913,42.420,2.458,-24.805,73.531,2.362,0.969,73.355,1.669,-17.531,77.561,-0.959,-18.749,67.834,0.006,2.4,12.00,32.0
1.6981,-178,-1,glide,-1,1.6981,1.7071,0,-0.527,-21.885,58.359,0.703,-11.953,42.539,2.461,-24.873,73.740,2.373,0.967,73.477,1.670,-17.578,77.695,-0.967,-18.809,68.027,-0.525,-21.786,58.123,0.706,-11.895,42.368,2.456,-24.775,73.440,2.357,0.970,73.264,1.669,-17.510,77.465,-0.956,-18.723,67.750,0.006,2.4,12.00,32.0
1.7079,-177,-1,glide,-1,1.7079,1.7172,0,-0.527,-21.885,58.359,0.703,-11.953,42.539,2.461,-24.873,73.740,2.373,0.967,73.477,1.670,-17.578,77.695,-0.967,-18.809,68.027,-0.524,-21.750,58.038,0.708,-11.874,42.307,2.454,-24.740,73.334,2.352,0.972,73.157,1.668,-17.486,77.352,-0.952,-18.692,67.652,0.006,2.4,12.00,32.0
1.7180,-176,-1,glide,-1,1.7180,1.7264,0,-0.527,-21.885,58.359,0.703,-11.953,42.539,2.461,-24.873,73.740,2.373,0.967,73.477,1.670,-17.578,77.695,-0.967,-18.809,68.027,-0.523,-21.710,57.942,0.709,-11.851,42.238,2.453,-24.700,73.212,2.345,0.973,73.034,1.668,-17.458,77.222,-0.948,-18.657,67.539,0.006,2.4,12.00,32.0
1.7272,-175,-1,glide,-1,1.7272,1.7364,0,-0.527,-21.885,58.359,0.703,-11.953,42.451,2.461,-24.873,73.740,2.373,0.967,73.477,1.670,-17.578,77.695,-0.967,-18.809,68.027,-0.522,-21.665,57.833,0.711,-11.824,42.159,2.450,-24.655,73.074,2.338,0.975,72.897,1.668,-17.427,77.076,-0.943,-18.618,67.412,0.006,2.4,12.00,32.0
1.7371,-174,-1,glide,-1,1.7371,1.7458,0,-0.527,-21.885,58.271,0.703,-11.953,42.451,2.461,-24.873,73.740,2.373,0.967,73.389,1.670,-17.578,77.607,-0.967,-18.809,67.939,-0.521,-21.614,57.713,0.712,-11.795,42.072,2.448,-24.605,72.921,2.330,0.977,72.744,1.667,-17.393,76.914,-0.938,-18.574,67.271,0.006,2.4,12.00,32.0
1.7466,-173,-1,glide,-1,1.7466,1.7557,0,-0.527,-21.885,58.271,0.703,-11.953,42.363,2.461,-24.873,73.652,2.373,0.967,73.389,1.670,-17.578,77.432,-0.967,-18.809,67.939,-0.519,-21.559,57.581,0.714,-11.762,41.976,2.445,-24.551,72.754,2.321,0.979,72.575,1.666,-17.355,76.736,-0.932,-18.526,67.117,0.006,2.4,12.00,32.0
1.7564,-172,-1,glide,-1,1.7564,1.7654,0,-0.527,-21.885,58.184,0.703,-11.953,42.275,2.461,-24.873,73.564,2.373,0.967,73.301,1.670,-17.578,77.344,-0.967,-18.809,67.764,-0.518,-21.498,57.437,0.716,-11.727,41.872,2.442,-24.491,72.571,2.311,0.981,72.393,1.666,-17.313,76.543,-0.925,-18.474,66.948,0.013,5.6,12.10,30.0
1.7760,-171,-1,glide,-1,1.7760,1.7848,0,-0.527,-21.797,58.096,0.703,-11.953,42.188,2.461,-24.697,73.477,2.373,0.967,73.037,1.670,-17.402,76.992,-0.967,-18.809,67.588,-0.516,-21.433,57.281,0.718,-11.689,41.760,2.439,-24.427,72.374,2.301,0.984,72.195,1.665,-17.269,76.334,-0.918,-18.417,66.767,0.013,5.6,12.10,30.0
1.7855,-170,-1,glide,-1,1.7855,1.7942,0,-0.527,-21.797,58.008,0.703,-11.953,42.100,2.461,-24.609,73.477,2.373,0.967,72.861,1.670,-17.402,76.904,-0.967,-18.809,67.500,-0.515,-21.363,57.114,0.721,-11.648,41.640,2.436,-24.358,72.163,2.290,0.986,71.984,1.664,-17.221,76.110,-0.911,-18.357,66.572,0.013,5.6,12.10,30.0
1.7950,-169,-1,glide,-1,1.7950,1.8044,0,-0.527,-21.709,58.008,0.703,-11.865,42.012,2.461,-24.521,73.389,2.373,0.967,72.598,1.670,-17.402,76.729,-0.967,-18.809,67.412,-0.513,-21.289,56.937,0.723,-11.604,41.511,2.432,-24.284,71.938,2.278,0.989,71.758,1.663,-17.170,75.871,-0.903,-18.292,66.364,0.013,5.6,12.10,30.0
1.8051,-168,-1,glide,-1,1.8051,1.8140,0,-0.527,-21.709,57.920,0.703,-11.865,41.924,2.461,-24.521,73.301,2.373,0.967,72.510,1.670,-17.490,76.641,-0.967,-18.809,67.324,-0.511,-21.210,56.748,0.726,-11.558,41.375,2.428,-24.206,71.699,2.265,0.992,71.518,1.663,-17.116,75.617,-0.894,-18.224,66.143,0.013,5.6,12.10,30.0
1.8147,-167,-1,glide,-1,1.8147,1.8238,0,-0.527,-21.621,57.832,0.703,-11.777,41.836,2.461,-24.521,73.125,2.373,0.967,72.422,1.670,-17.490,76.465,-0.967,-18.809,67.236,-0.509,-21.126,56.548,0.729,-11.509,41.231,2.424,-24.123,71.446,2.252,0.995,71.265,1.662,-17.059,75.349,-0.885,-18.151,65.910,0.013,5.6,12.10,30.0
1.8245,-166,-1,glide,-1,1.8245,1.8338,0,-0.527,-21.621,57.744,0.703,-11.777,41.748,2.461,-24.521,73.037,2.373,0.967,72.246,1.670,-17.490,76.201,-0.967,-18.721,67.148,-0.507,-21.038,56.338,0.732,-11.458,41.079,2.420,-24.036,71.180,2.238,0.998,70.998,1.661,-16.998,75.066,-0.876,-18.075,65.664,0.013,5.6,12.10,30.0
1.8345,-165,-1,glide,-1,1.8345,1.8439,0,-0.527,-21.533,57.656,0.703,-11.777,41.660,2.461,-24.521,72.861,2.373,0.967,72.070,1.670,-17.402,76.113,-0.967,-18.721,66.973,-0.505,-20.946,56.118,0.735,-11.404,40.919,2.416,-23.945,70.900,2.223,1.002,70.718,1.660,-16.935,74.770,-0.866,-17.995,65.406,0.013,5.6,12.10,30.0
1.8446,-164,-1,glide,-1,1.8446,1.8537,0,-0.527,-21.445,57.480,0.703,-11.777,41.572,2.461,-24.434,72.773,2.373,0.967,71.719,1.670,-17.314,75.938,-0.967,-18.633,66.797,-0.502,-20.849,55.887,0.738,-11.347,40.753,2.411,-23.849,70.608,2.208,1.005,70.425,1.659,-16.869,74.459,-0.855,-17.911,65.136,0.013,5.6,12.10,30.0
1.8545,-163,-1,glide,-1,1.8545,1.8637,0,-0.527,-21.357,57.305,0.703,-11.777,41.484,2.461,-24.258,72.598,2.373,0.967,71.631,1.670,-17.314,75.762,-0.967,-18.545,66.709,-0.500,-20.748,55.646,0.741,-11.288,40.579,2.406,-23.750,70.303,2.192,1.009,70.119,1.657,-16.800,74.135,-0.844,-17.824,64.855,0.013,5.6,12.10,30.0
1.8644,-162,-1,glide,-1,1.8644,1.8734,0,-0.527,-21.270,57.217,0.703,-11.777,41.309,2.461,-24.082,72.510,2.373,0.967,71.455,1.670,-17.227,75.586,-0.967,-18.457,66.533,-0.497,-20.643,55.395,0.745,-11.226,40.397,2.401,-23.646,69.985,2.175,1.013,69.800,1.656,-16.728,73.798,-0.833,-17.733,64.561,0.019,10.8,12.00,32.0
1.8841,-161,-1,glide,-1,1.8841,1.8934,0,-0.527,-21.182,56.865,0.703,-11.689,41.045,2.461,-23.906,72.070,2.285,0.967,71.191,1.670,-17.139,75.234,-0.967,-18.369,66.182,-0.494,-20.534,55.134,0.748,-11.163,40.209,2.396,-23.538,69.655,2.158,1.017,69.469,1.655,-16.653,73.448,-0.821,-17.638,64.257,0.019,10.8,12.00,32.0
1.8942,-160,-1,glide,-1,1.8942,1.9036,0,-0.527,-21.094,56.689,0.703,-11.602,40.957,2.461,-23.906,71.895,2.285,0.967,70.928,1.670,-17.139,75.059,-0.967,-18.281,66.006,-0.492,-20.421,54.864,0.752,-11.096,40.014,2.391,-23.426,69.313,2.140,1.021,69.126,1.654,-16.576,73.085,-0.809,-17.540,63.941,0.019,10.8,12.00,32.0
1.9047,-159,-1,glide,-1,1.9047,1.9139,0,-0.527,-21.006,56.514,0.703,-11.514,40.781,2.461,-23.818,71.631,2.285,0.967,70.752,1.670,-17.139,74.883,-0.967,-18.193,65.742,-0.489,-20.304,54.585,0.756,-11.028,39.812,2.385,-23.310,68.958,2.121,1.026,68.771,1.653,-16.495,72.709,-0.797,-17.439,63.614,0.019,10.8,12.00,32.0
1.9147,-158,-1,glide,-1,1.9147,1.9243,0,-0.527,-20.918,56.338,0.703,-11.426,40.693,2.461,-23.730,71.455,2.285,0.967,70.488,1.670,-17.139,74.531,-0.879,-18.193,65.654,-0.486,-20.183,54.296,0.760,-10.957,39.603,2.379,-23.191,68.592,2.102,1.030,68.404,1.651,-16.412,72.320,-0.783,-17.334,63.276,0.019,10.8,12.00,32.0
1.9250,-157,-1,glide,-1,1.9250,1.9342,0,-0.527,-20.830,56.162,0.703,-11.338,40.518,2.461,-23.643,71.191,2.285,0.967,70.312,1.670,-17.139,74.355,-0.879,-18.105,65.391,-0.483,-20.058,53.998,0.764,-10.884,39.388,2.373,-23.067,68.215,2.082,1.035,68.026,1.650,-16.327,71.920,-0.770,-17.226,62.928,0.019,10.8,12.00,32.0
1.9350,-156,-1,glide,-1,1.9350,1.9441,0,-0.527,-20.742,55.986,0.703,-11.250,40.430,2.461,-23.555,70.928,2.285,0.967,70.049,1.670,-17.051,74.092,-0.879,-18.018,65.303,-0.480,-19.930,53.691,0.769,-10.809,39.166,2.367,-22.940,67.826,2.061,1.040,67.636,1.649,-16.239,71.507,-0.756,-17.114,62.569,0.019,10.8,12.00,32.0
1.9449,-155,-1,glide,-1,1.9449,1.9538,0,-0.527,-20.654,55.811,0.703,-11.250,40.254,2.461,-23.379,70.664,2.197,0.967,69.873,1.670,-16.963,73.828,-0.879,-17.930,65.039,-0.477,-19.798,53.375,0.773,-10.731,38.938,2.361,-22.810,67.426,2.040,1.044,67.235,1.647,-16.148,71.083,-0.742,-17.000,62.200,0.019,10.8,12.00,32.0
1.9546,-154,-1,glide,-1,1.9546,1.9635,0,-0.527,-20.566,55.635,0.703,-11.162,40.078,2.461,-23.379,70.488,2.109,0.967,69.697,1.670,-16.875,73.564,-0.879,-17.842,64.775,-0.473,-19.662,53.051,0.778,-10.652,38.704,2.354,-22.676,67.016,2.019,1.050,66.824,1.646,-16.055,70.647,-0.727,-16.882,61.821,0.019,10.8,12.00,32.0
1.9642,-153,-1,glide,-1,1.9642,1.9767,0,-0.527,-20.479,55.371,0.703,-11.074,39.902,2.461,-23.203,70.137,2.109,0.967,69.258,1.670,-16.699,73.213,-0.879,-17.754,64.512,-0.470,-19.523,52.719,0.782,-10.570,38.464,2.347,-22.538,66.595,1.997,1.055,66.401,1.644,-15.960,70.200,-0.712,-16.762,61.432,0.019,12.0,12.00,32.0
1.9876,-152,-1,glide,-1,1.9876,1.9970,0,-0.527,-20.215,54.844,0.703,-10.986,39.463,2.461,-22.939,69.697,2.109,0.967,68.643,1.670,-16.523,72.686,-0.879,-17.490,63.984,-0.466,-19.380,52.378,0.787,-10.487,38.218,2.341,-22.397,66.163,1.974,1.060,65.969,1.642,-15.862,69.742,-0.697,-16.638,61.034,0.019,12.0,12.00,32.0
1.9977,-151,-1,glide,-1,1.9977,2.0064,0,-0.527,-20.127,54.668,0.703,-10.898,39.287,2.461,-22.852,69.434,2.021,0.967,68.379,1.670,-16.436,72.422,-0.879,-17.402,63.721,-0.463,-19.234,52.029,0.792,-10.401,37.966,2.334,-22.253,65.721,1.951,1.065,65.526,1.641,-15.762,69.273,-0.681,-16.511,60.626,0.019,12.0,12.00,32.0
2.0072,-150,-1,glide,-1,2.0072,2.0162,0,-0.527,-20.039,54.492,0.703,-10.811,39.199,2.461,-22.764,69.170,2.021,0.967,68.203,1.670,-16.436,72.158,-0.791,-17.314,63.545,-0.459,-19.085,51.672,0.797,-10.314,37.708,2.326,-22.105,65.269,1.927,1.071,65.073,1.639,-15.660,68.794,-0.665,-16.382,60.209,0.019,12.0,12.00,32.0
2.0170,-149,-1,glide,-1,2.0170,2.0260,0,-0.527,-19.863,54.229,0.703,-10.723,39.023,2.461,-22.676,68.906,2.021,0.967,67.939,1.670,-16.348,71.807,-0.703,-17.227,63.193,-0.456,-18.932,51.308,0.802,-10.225,37.445,2.319,-21.954,64.807,1.902,1.077,64.610,1.638,-15.555,68.304,-0.649,-16.250,59.783,0.019,12.0,12.00,32.0
2.0268,-148,-1,glide,-1,2.0268,2.0358,0,-0.527,-19.863,54.053,0.703,-10.723,38.848,2.461,-22.588,68.555,2.021,0.967,67.676,1.670,-16.260,71.543,-0.703,-17.139,63.018,-0.452,-18.776,50.936,0.807,-10.133,37.176,2.312,-21.800,64.336,1.878,1.082,64.138,1.636,-15.449,67.804,-0.632,-16.115,59.348,0.019,12.0,12.00,32.0
2.0365,-147,-1,glide,-1,2.0365,2.0455,0,-0.527,-19.688,53.789,0.703,-10.635,38.672,2.461,-22.412,68.291,2.021,0.967,67.324,1.670,-16.260,71.191,-0.703,-17.051,62.754,-0.448,-18.617,50.557,0.813,-10.041,36.902,2.304,-21.643,63.856,1.852,1.088,63.656,1.634,-15.340,67.294,-0.615,-15.977,58.905,0.019,12.0,12.00,32.0
2.0462,-146,-1,glide,-1,2.0462,2.0548,0,-0.527,-19.600,53.613,0.703,-10.547,38.496,2.461,-22.236,68.027,2.021,0.967,67.148,1.670,-16.172,70.928,-0.703,-16.963,62.490,-0.444,-18.455,50.170,0.818,-9.946,36.622,2.296,-21.483,63.366,1.826,1.094,63.165,1.632,-15.229,66.774,-0.597,-15.837,58.453,0.019,12.0,12.00,32.0
2.0555,-145,-1,glide,-1,2.0555,2.0644,0,-0.527,-19.512,53.350,0.703,-10.459,38.320,2.461,-22.148,67.764,2.021,0.967,66.797,1.670,-16.084,70.664,-0.703,-16.875,62.227,-0.440,-18.291,49.776,0.824,-9.849,36.338,2.288,-21.320,62.867,1.800,1.101,62.665,1.631,-15.116,66.245,-0.580,-15.694,57.992,0.019,12.0,12.00,32.0
2.0651,-144,-1,glide,-1,2.0651,2.0739,0,-0.527,-19.336,53.174,0.703,-10.371,38.145,2.461,-22.061,67.500,1.934,0.967,66.445,1.670,-15.996,70.312,-0.703,-16.699,61.963,-0.436,-18.123,49.376,0.829,-9.751,36.049,2.280,-21.154,62.360,1.773,1.107,62.157,1.629,-15.001,65.707,-0.562,-15.549,57.524,0.019,12.0,12.00,32.0
2.0747,-143,-1,glide,-1,2.0747,2.0837,0,-0.527,-19.248,52.822,0.703,-10.283,37.881,2.461,-21.973,67.148,1.934,0.967,66.182,1.670,-15.908,69.961,-0.703,-16.611,61.699,-0.432,-17.952,48.969,0.835,-9.651,35.755,2.272,-20.986,61.844,1.746,1.113,61.640,1.627,-14.884,65.160,-0.543,-15.401,57.048,0.019,14.8,12.00,32.0
2.0945,-142,-1,glide,-1,2.0945,2.1033,0,-0.527,-18.984,52.295,0.703,-10.107,37.441,2.461,-21.621,66.533,1.758,0.967,65.479,1.670,-15.645,69.170,-0.703,-16.348,60.996,-0.427,-17.779,48.555,0.841,-9.550,35.456,2.264,-20.814,61.320,1.719,1.120,61.114,1.625,-14.766,64.603,-0.525,-15.251,56.565,0.019,14.8,12.00,32.0
2.1041,-141,-1,glide,-1,2.1041,2.1133,0,-0.527,-18.809,52.031,0.703,-10.107,37.266,2.461,-21.533,66.182,1.758,0.967,65.127,1.670,-15.645,68.818,-0.703,-16.260,60.732,-0.423,-17.603,48.135,0.847,-9.447,35.152,2.255,-20.641,60.788,1.691,1.126,60.581,1.623,-14.645,64.039,-0.506,-15.098,56.074,0.019,14.8,12.00,32.0
2.1141,-140,-1,glide,-1,2.1141,2.1226,0,-0.527,-18.721,51.768,0.703,-10.020,37.002,2.461,-21.357,65.830,1.758,0.967,64.775,1.670,-15.557,68.555,-0.703,-16.172,60.381,-0.419,-17.425,47.709,0.853,-9.343,34.844,2.247,-20.464,60.248,1.662,1.133,60.040,1.621,-14.523,63.466,-0.486,-14.944,55.575,0.019,14.8,12.00,32.0
2.1233,-139,-1,glide,-1,2.1233,2.1322,0,-0.527,-18.633,51.504,0.703,-9.932,36.826,2.461,-21.270,65.479,1.758,0.967,64.424,1.670,-15.469,68.203,-0.615,-15.996,60.117,-0.414,-17.244,47.277,0.859,-9.237,34.532,2.238,-20.285,59.701,1.633,1.139,59.491,1.619,-14.399,62.885,-0.467,-14.787,55.070,0.019,14.8,12.00,32.0
2.1329,-138,-1,glide,-1,2.1329,2.1416,0,-0.527,-18.457,51.152,0.703,-9.844,36.650,2.461,-21.094,65.215,1.758,0.967,64.072,1.670,-15.293,67.852,-0.615,-15.908,59.766,-0.410,-17.060,46.839,0.865,-9.129,34.216,2.229,-20.104,59.146,1.604,1.146,58.935,1.617,-14.273,62.296,-0.447,-14.628,54.558,0.019,14.8,12.00,32.0
2.1423,-137,-1,glide,-1,2.1423,2.1513,0,-0.527,-18.281,50.977,0.703,-9.756,36.387,2.461,-21.006,64.863,1.758,0.967,63.809,1.670,-15.205,67.500,-0.615,-15.820,59.502,-0.405,-16.875,46.395,0.871,-9.020,33.895,2.220,-19.920,58.584,1.574,1.153,58.371,1.615,-14.146,61.699,-0.427,-14.467,54.039,0.019,14.8,12.00,32.0
2.1521,-136,-1,glide,-1,2.1521,2.1609,0,-0.527,-18.105,50.625,0.703,-9.668,36.123,2.461,-20.830,64.512,1.758,0.967,63.457,1.670,-15.117,67.148,-0.615,-15.645,59.150,-0.401,-16.686,45.946,0.878,-8.910,33.571,2.211,-19.734,58.015,1.544,1.160,57.801,1.613,-14.017,61.096,-0.407,-14.304,53.514,0.019,14.8,12.00,32.0
2.1616,-135,-1,glide,-1,2.1616,2.1700,0,-0.527,-18.018,50.361,0.703,-9.580,35.947,2.461,-20.742,64.248,1.758,0.967,63.105,1.670,-15.117,66.797,-0.615,-15.557,58.799,-0.396,-16.496,45.491,0.884,-8.799,33.242,2.202,-19.546,57.439,1.514,1.167,57.224,1.611,-13.887,60.484,-0.386,-14.139,52.982,0.019,14.8,12.00,32.0
2.1708,-134,-1,glide,-1,2.1708,2.1798,0,-0.527,-17.842,50.010,0.703,-9.492,35.684,2.461,-20.566,63.896,1.582,1.055,62.754,1.670,-15.029,66.445,-0.615,-15.381,58.535,-0.392,-16.304,45.031,0.891,-8.686,32.910,2.193,-19.356,56.857,1.483,1.174,56.640,1.609,-13.755,59.866,-0.366,-13.972,52.445,0.019,14.8,12.00,32.0
2.1806,-133,-1,glide,-1,2.1806,2.1898,0,-0.527,-17.754,49.746,0.703,-9.404,35.420,2.373,-20.391,63.545,1.582,1.055,62.402,1.670,-14.854,66.182,-0.527,-15.205,58.184,-0.387,-16.109,44.567,0.897,-8.572,32.574,2.183,-19.163,56.268,1.452,1.182,56.050,1.607,-13.622,59.242,-0.345,-13.803,51.901,0.026,7.2,12.00,30.0
2.2004,-132,-1,glide,-1,2.2004,2.2098,0,-0.527,-17.402,49.043,0.703,-9.229,34.893,2.373,-20.039,62.842,1.582,1.055,61.699,1.670,-14.590,65.391,-0.352,-15.029,57.480,-0.382,-15.912,44.097,0.904,-8.457,32.235,2.174,-18.969,55.673,1.421,1.189,55.453,1.605,-13.487,58.611,-0.323,-13.633,51.352,0.026,7.2,12.00,30.0
2.2106,-131,-1,glide,-1,2.2106,2.2193,0,-0.527,-17.227,48.691,0.703,-9.141,34.629,2.373,-19.863,62.490,1.582,1.055,61.348,1.670,-14.502,65.039,-0.352,-14.854,57.217,-0.377,-15.714,43.623,0.910,-8.341,31.892,2.164,-18.773,55.072,1.389,1.196,54.851,1.602,-13.351,57.973,-0.302,-13.461,50.798,0.026,7.2,12.00,30.0
2.2200,-130,-1,glide,-1,2.2200,2.2284,0,-0.527,-17.051,48.340,0.703,-9.053,34.365,2.373,-19.688,62.139,1.582,1.055,60.996,1.670,-14.414,64.688,-0.352,-14.678,56.865,-0.372,-15.513,43.144,0.917,-8.224,31.546,2.155,-18.575,54.466,1.358,1.204,54.243,1.600,-13.214,57.330,-0.280,-13.287,50.238,0.026,7.2,12.00,30.0
2.2292,-129,-1,glide,-1,2.2292,2.2378,0,-0.527,-16.963,48.076,0.703,-8.965,34.102,2.373,-19.600,61.787,1.582,1.055,60.645,1.670,-14.326,64.336,-0.352,-14.590,56.514,-0.367,-15.311,42.661,0.924,-8.105,31.198,2.145,-18.375,53.854,1.325,1.211,53.630,1.598,-13.075,56.680,-0.259,-13.112,49.673,0.026,7.2,12.00,30.0
2.2412,-128,-1,glide,-1,2.2412,2.2502,0,-0.439,-16.699,47.637,0.703,-8.789,33.750,2.373,-19.336,61.348,1.582,1.055,60.293,1.670,-14.238,63.984,-0.352,-14.414,56.074,-0.362,-15.107,42.174,0.931,-7.986,30.846,2.135,-18.173,53.237,1.293,1.219,53.011,1.596,-12.935,56.025,-0.237,-12.935,49.104,0.026,7.2,12.00,30.0
2.2814,-127,-1,glide,-1,2.2814,2.2907,0,-0.264,-16.084,46.230,0.703,-8.350,32.695,2.373,-18.721,59.941,1.318,1.055,58.799,1.670,-13.711,62.490,-0.352,-13.799,54.668,-0.357,-14.901,41.683,0.938,-7.865,30.491,2.125,-17.970,52.615,1.260,1.227,52.388,1.593,-12.795,55.365,-0.215,-12.757,48.530,0.026,6.8,12.00,29.0
2.3214,-126,-1,glide,-1,2.3214,2.3308,0,-0.264,-15.557,44.912,0.703,-8.086,31.729,2.373,-18.457,58.535,1.318,1.055,57.393,1.670,-13.447,60.996,-0.352,-13.184,53.174,-0.352,-14.694,41.188,0.945,-7.744,30.133,2.115,-17.765,51.988,1.227,1.234,51.759,1.591,-12.653,54.700,-0.192,-12.577,47.951,0.026,6.8,12.00,29.0
2.3614,-125,-1,glide,-1,2.3614,2.3708,0,-0.264,-15.117,43.682,0.703,-7.910,30.938,2.373,-17.930,57.129,1.318,1.055,56.074,1.670,-13.359,59.678,-0.264,-12.656,51.855,-0.347,-14.485,40.689,0.952,-7.622,29.773,2.105,-17.558,51.356,1.194,1.242,51.126,1.589,-12.510,54.030,-0.170,-12.396,47.368,0.026,6.8,12.00,29.0
2.4014,-124,-1,glide,-1,2.4014,2.4110,0,-0.264,-14.854,42.715,0.703,-7.822,30.410,2.373,-17.754,55.723,1.230,1.055,54.580,1.670,-13.184,58.184,-0.176,-12.568,50.889,-0.342,-14.275,40.187,0.959,-7.499,29.410,2.095,-17.350,50.720,1.160,1.250,50.489,1.587,-12.366,53.355,-0.147,-12.214,46.781,0.039,7.6,12.00,30.0
2.4414,-123,-1,glide,-1,2.4414,2.4506,0,-0.264,-14.590,41.836,0.703,-7.734,29.883,2.373,-17.578,54.404,1.143,1.055,53.438,1.670,-13.008,56.777,-0.176,-12.393,49.395,-0.337,-14.063,39.682,0.966,-7.375,29.045,2.085,-17.141,50.080,1.126,1.258,49.847,1.584,-12.221,52.675,-0.124,-12.031,46.190,0.039,7.6,12.00,30.0
2.4812,-122,-1,glide,-1,2.4812,2.4904,0,-0.264,-14.326,41.045,0.703,-7.559,29.443,2.373,-17.314,53.086,1.055,1.494,52.119,1.670,-12.744,55.459,-0.176,-12.217,48.340,-0.332,-13.851,39.173,0.973,-7.250,28.678,2.075,-16.931,49.436,1.092,1.266,49.201,1.582,-12.075,51.992,-0.101,-11.846,45.596,0.039,7.6,12.00,30.0
2.5214,-121,-1,glide,-1,2.5214,2.5308,0,-0.264,-14.150,40.342,0.703,-7.471,29.004,2.373,-17.139,51.943,1.055,1.406,50.977,1.670,-12.480,54.229,-0.176,-12.129,47.373,-0.327,-13.636,38.662,0.980,-7.125,28.308,2.064,-16.719,48.788,1.058,1.274,48.552,1.580,-11.928,51.304,-0.078,-11.661,44.998,0.019,4.8,12.00,30.0
2.5614,-120,-1,glide,-1,2.5614,2.5708,0,-0.352,-13.887,39.727,0.703,-7.207,28.564,2.373,-16.787,50.977,1.055,1.406,50.098,1.670,-12.217,53.086,-0.176,-11.953,46.582,-0.321,-13.421,38.148,0.987,-6.999,27.937,2.054,-16.506,48.137,1.024,1.282,47.899,1.577,-11.781,50.613,-0.055,-11.474,44.397,0.019,4.8,12.00,30.0
2.6014,-119,-1,glide,-1,2.6014,2.6111,0,-0.264,-13.799,39.199,0.703,-7.207,28.301,2.285,-16.699,50.098,1.055,1.406,49.131,1.670,-12.129,52.119,-0.176,-11.777,45.703,-0.316,-13.205,37.631,0.995,-6.872,27.564,2.044,-16.292,47.482,0.990,1.290,47.243,1.575,-11.632,49.918,-0.032,-11.286,43.793,0.019,4.8,12.00,30.0
2.6415,-118,-1,glide,-1,2.6415,2.6508,0,-0.264,-13.447,38.672,0.703,-7.119,27.861,2.197,-16.523,49.219,1.055,1.406,48.340,1.670,-11.777,51.240,-0.176,-11.514,45.088,-0.311,-12.987,37.112,1.002,-6.745,27.188,2.033,-16.077,46.824,0.955,1.298,46.583,1.572,-11.483,49.220,-0.008,-11.098,43.186,0.013,7.6,12.00,33.0
2.6814,-117,-1,glide,-1,2.6814,2.6906,0,-0.264,-13.359,38.057,0.703,-6.943,27.510,2.197,-16.172,48.428,1.143,1.406,47.549,1.670,-11.689,50.361,0.000,-11.426,44.385,-0.306,-12.769,36.590,1.009,-6.617,26.812,2.023,-15.862,46.164,0.920,1.306,45.921,1.570,-11.334,48.519,0.015,-10.909,42.576,0.013,7.6,12.00,33.0
2.7214,-116,-1,glide,-1,2.7214,2.7305,0,-0.264,-13.096,37.529,0.703,-6.855,27.158,2.197,-16.084,47.725,0.967,1.406,46.846,1.670,-11.602,49.570,0.000,-11.162,43.682,-0.300,-12.550,36.067,1.017,-6.489,26.433,2.012,-15.645,45.500,0.885,1.314,45.256,1.568,-11.184,47.816,0.039,-10.719,41.964,0.013,7.6,12.00,33.0
2.7615,-115,-1,glide,-1,2.7615,2.7709,0,-0.264,-12.832,37.002,0.703,-6.680,26.807,2.197,-15.732,47.021,0.967,1.406,46.143,1.670,-11.338,48.867,0.000,-10.986,43.066,-0.295,-12.330,35.541,1.024,-6.360,26.054,2.002,-15.427,44.835,0.850,1.322,44.589,1.565,-11.033,47.109,0.063,-10.528,41.349,0.006,3.2,12.00,32.0
2.8014,-114,-1,glide,-1,2.8014,2.8108,0,-0.264,-12.656,36.475,0.703,-6.592,26.367,2.197,-15.732,46.318,0.967,1.406,45.439,1.670,-11.162,48.164,0.000,-10.811,42.451,-0.290,-12.109,35.014,1.031,-6.231,25.673,1.991,-15.209,44.167,0.815,1.331,43.919,1.563,-10.882,46.400,0.086,-10.337,40.733,0.006,3.2,12.00,32.0
2.8414,-113,-1,glide,-1,2.8414,2.8509,0,-0.264,-12.393,35.947,0.791,-6.504,26.016,2.197,-15.293,45.615,0.967,1.406,44.736,1.670,-10.986,47.373,0.000,-10.547,41.836,-0.284,-11.887,34.485,1.039,-6.101,25.291,1.980,-14.990,43.497,0.780,1.339,43.247,1.560,-10.730,45.689,0.110,-10.145,40.114,0.006,3.2,12.00,32.0
2.8814,-112,-1,glide,-1,2.8814,2.8908,0,-0.264,-12.217,35.420,0.791,-6.328,25.664,2.197,-15.205,44.912,0.791,1.406,44.121,1.670,-10.898,46.758,0.000,-10.459,41.221,-0.279,-11.665,33.955,1.046,-5.971,24.907,1.970,-14.770,42.825,0.744,1.347,42.574,1.558,-10.578,44.976,0.134,-9.952,39.494,0.013,8.4,11.90,32.0
2.9214,-111,-1,glide,-1,2.9214,2.9308,0,-0.264,-11.953,34.893,0.791,-6.152,25.225,2.197,-14.941,44.297,0.791,1.494,43.418,1.670,-10.635,45.967,0.000,-10.195,40.605,-0.273,-11.443,33.423,1.054,-5.841,24.523,1.959,-14.550,42.151,0.709,1.355,41.899,1.556,-10.425,44.262,0.158,-9.759,38.873,0.013,8.4,11.90,32.0
2.9614,-110,-1,glide,-1,2.9614,2.9708,0,-0.264,-11.777,34.365,0.791,-6.064,24.873,2.197,-14.854,43.594,0.791,1.494,42.715,1.670,-10.547,45.264,0.176,-10.020,39.990,-0.268,-11.219,32.890,1.061,-5.710,24.139,1.948,-14.330,41.477,0.673,1.364,41.223,1.553,-10.272,43.546,0.182,-9.566,38.250,0.013,8.4,11.90,32.0
3.0014,-109,-1,glide,-1,3.0014,3.0107,0,-0.264,-11.514,33.838,0.791,-5.977,24.434,2.197,-14.502,42.979,0.791,1.582,42.100,1.670,-10.371,44.561,0.176,-9.844,39.375,-0.262,-10.996,32.357,1.069,-5.579,23.753,1.938,-14.109,40.801,0.638,1.372,40.545,1.551,-10.119,42.828,0.206,-9.372,37.626,0.013,10.0,12.00,32.0
3.0414,-108,-1,glide,-1,3.0414,3.0508,0,-0.264,-11.338,33.311,0.791,-5.801,24.170,2.197,-14.502,42.275,0.703,1.582,41.484,1.670,-10.283,43.857,0.176,-9.580,38.760,-0.257,-10.772,31.822,1.076,-5.448,23.367,1.927,-13.888,40.124,0.602,1.380,39.866,1.548,-9.966,42.110,0.230,-9.179,37.001,0.013,10.0,12.00,32.0
3.0814,-107,-1,glide,-1,3.0814,3.0908,0,-0.264,-11.074,32.783,0.791,-5.537,23.730,2.197,-13.975,41.660,0.703,1.670,40.781,1.670,-10.020,43.154,0.176,-9.492,38.145,-0.252,-10.548,31.288,1.084,-5.317,22.981,1.916,-13.666,39.446,0.566,1.389,39.187,1.546,-9.813,41.391,0.254,-8.984,36.376,0.013,10.0,12.00,32.0
3.1214,-106,-1,glide,-1,3.1214,3.1309,0,-0.264,-10.898,32.256,0.791,-5.537,23.291,2.197,-13.975,40.957,0.615,1.670,40.078,1.670,-9.932,42.451,0.176,-9.229,37.529,-0.246,-10.324,30.752,1.091,-5.186,22.594,1.905,-13.445,38.768,0.530,1.397,38.508,1.543,-9.659,40.671,0.279,-8.790,35.750,0.013,5.2,11.90,30.0
3.1614,-105,-1,glide,-1,3.1614,3.1708,0,-0.264,-10.635,31.729,0.791,-5.537,22.939,2.197,-13.535,40.254,0.615,1.670,39.463,1.670,-9.932,41.748,0.176,-8.965,36.914,-0.241,-10.100,30.217,1.099,-5.055,22.207,1.894,-13.223,38.090,0.495,1.405,37.827,1.541,-9.506,39.952,0.303,-8.596,35.124,0.013,5.2,11.90,30.0
3.2014,-104,-1,glide,-1,3.2014,3.2108,0,-0.264,-10.459,31.201,0.791,-5.273,22.588,2.197,-13.447,39.551,0.615,1.758,38.760,1.670,-9.580,40.957,0.176,-8.877,36.299,-0.235,-9.876,29.681,1.106,-4.924,21.820,1.884,-13.001,37.411,0.459,1.414,37.147,1.538,-9.352,39.232,0.327,-8.401,34.498,0.013,5.2,11.90,30.0
3.2414,-103,-1,glide,-1,3.2414,3.2508,0,-0.264,-10.107,30.674,0.791,-5.186,22.236,2.109,-13.096,38.848,0.615,1.758,38.057,1.670,-9.580,40.342,0.176,-8.701,35.684,-0.230,-9.651,29.146,1.114,-4.792,21.433,1.873,-12.780,36.733,0.423,1.422,36.467,1.536,-9.198,38.512,0.351,-8.207,33.872,0.013,2.4,11.90,31.0
3.2814,-102,-1,glide,-1,3.2814,3.2908,0,-0.264,-9.932,30.146,0.791,-5.010,21.797,2.109,-12.920,38.232,0.527,1.758,37.441,1.670,-9.229,39.551,0.352,-8.438,35.068,-0.224,-9.427,28.610,1.121,-4.661,21.046,1.862,-12.558,36.055,0.387,1.430,35.788,1.533,-9.045,37.792,0.375,-8.013,33.246,0.013,2.4,11.90,31.0
3.3214,-101,-1,glide,-1,3.3214,3.3307,0,-0.264,-9.756,29.619,0.791,-4.922,21.445,2.109,-12.744,37.617,0.439,1.758,36.738,1.582,-9.229,38.848,0.352,-8.350,34.365,-0.219,-9.203,28.076,1.129,-4.530,20.660,1.851,-12.337,35.378,0.352,1.439,35.109,1.531,-8.891,37.073,0.399,-7.819,32.621,0.013,2.4,11.90,31.0
3.3614,-100,-1,glide,-1,3.3614,3.3708,0,-0.264,-9.492,29.092,0.791,-4.834,21.006,2.109,-12.480,36.914,0.439,1.758,36.035,1.582,-8.965,38.145,0.352,-8.086,33.750,-0.213,-8.980,27.542,1.136,-4.399,20.274,1.841,-12.116,34.701,0.316,1.447,34.430,1.529,-8.738,36.355,0.423,-7.625,31.996,0.013,9.6,12.00,32.0
3.4014,-99,-1,glide,-1,3.4014,3.4108,0,-0.264,-9.316,28.477,0.791,-4.570,20.566,2.109,-12.305,36.211,0.439,1.758,35.332,1.582,-8.877,37.354,0.352,-7.822,33.135,-0.208,-8.756,27.008,1.144,-4.268,19.889,1.830,-11.895,34.025,0.281,1.455,33.753,1.526,-8.585,35.638,0.447,-7.431,31.373,0.013,9.6,12.00,32.0
3.4414,-98,-1,glide,-1,3.4414,3.4507,0,-0.264,-9.053,28.037,0.791,-4.482,20.303,2.109,-12.129,35.508,0.352,1.758,34.717,1.582,-8.613,36.650,0.352,-7.734,32.520,-0.203,-8.533,26.476,1.151,-4.138,19.504,1.819,-11.674,33.351,0.245,1.464,33.077,1.524,-8.433,34.923,0.471,-7.238,30.750,0.013,9.6,12.00,32.0
3.4812,-97,-1,glide,-1,3.4812,3.4904,0,-0.264,-8.877,27.422,0.791,-4.482,19.863,2.109,-11.777,34.805,0.264,1.758,34.014,1.582,-8.525,35.947,0.352,-7.559,31.904,-0.197,-8.311,25.945,1.159,-4.008,19.120,1.808,-11.455,32.678,0.210,1.472,32.402,1.521,-8.280,34.208,0.495,-7.045,30.129,0.013,2.8,11.90,31.0
3.5214,-96,-1,glide,-1,3.5214,3.5308,0,-0.264,-8.613,26.895,0.791,-4.219,19.424,2.109,-11.602,34.189,0.264,1.758,33.311,1.582,-8.525,35.244,0.352,-7.295,31.289,-0.192,-8.089,25.415,1.166,-3.878,18.737,1.798,-11.235,32.006,0.174,1.480,31.729,1.519,-8.128,33.496,0.519,-6.853,29.510,0.013,2.8,11.90,31.0
3.5614,-95,-1,glide,-1,3.5614,3.5706,0,-0.264,-8.438,26.367,0.791,-4.131,19.160,2.021,-11.514,33.486,0.264,1.758,32.695,1.582,-8.174,34.541,0.527,-7.119,30.674,-0.186,-7.868,24.886,1.174,-3.748,18.356,1.787,-11.016,31.337,0.139,1.488,31.058,1.516,-7.977,32.786,0.543,-6.661,28.892,0.013,2.8,11.90,31.0
3.6014,-94,-1,glide,-1,3.6014,3.6109,0,-0.264,-8.174,25.840,0.791,-3.955,18.721,1.934,-11.162,32.783,0.264,1.758,31.992,1.582,-8.174,33.838,0.527,-6.943,30.059,-0.181,-7.647,24.359,1.181,-3.619,17.975,1.777,-10.798,30.670,0.104,1.497,30.389,1.514,-7.825,32.077,0.567,-6.470,28.276,0.013,9.6,11.90,32.0
3.6415,-93,-1,glide,-1,3.6415,3.6506,0,-0.264,-7.910,25.312,0.791,-3.867,18.369,1.934,-10.986,32.168,0.264,1.758,31.289,1.582,-7.910,33.135,0.527,-6.680,29.443,-0.176,-7.427,23.834,1.189,-3.490,17.596,1.766,-10.581,30.004,0.069,1.505,29.722,1.512,-7.675,31.371,0.591,-6.280,27.662,0.013,9.6,11.90,32.0
3.6814,-92,-1,glide,-1,3.6814,3.6908,0,-0.264,-7.734,24.785,0.791,-3.691,18.018,1.934,-10.723,31.465,0.088,1.758,30.586,1.582,-7.822,32.432,0.527,-6.592,28.828,-0.170,-7.208,23.311,1.196,-3.362,17.218,1.755,-10.364,29.342,0.034,1.513,29.058,1.509,-7.525,30.668,0.614,-6.090,27.050,0.013,9.6,11.90,32.0
3.7214,-91,-1,glide,-1,3.7214,3.7309,0,-0.264,-7.559,24.258,0.879,-3.604,17.578,1.934,-10.547,30.762,0.088,1.758,29.971,1.582,-7.559,31.641,0.527,-6.328,28.213,-0.165,-6.990,22.790,1.203,-3.234,16.841,1.745,-10.149,28.682,-0.001,1.521,28.397,1.507,-7.375,29.968,0.638,-5.901,26.441,0.013,9.2,12.00,32.0
3.7615,-90,-1,glide,-1,3.7615,3.7713,0,-0.264,-7.295,23.730,1.055,-3.428,17.227,1.934,-10.283,30.146,0.088,1.758,29.268,1.582,-7.559,30.938,0.527,-6.152,27.510,-0.160,-6.773,22.272,1.210,-3.107,16.467,1.735,-9.934,28.025,-0.036,1.529,27.738,1.504,-7.227,29.271,0.661,-5.713,25.835,0.013,9.2,12.00,32.0
3.8015,-89,-1,glide,-1,3.8015,3.8116,0,-0.264,-7.119,23.203,1.055,-3.428,16.875,1.934,-10.107,29.443,0.088,1.758,28.652,1.582,-7.295,30.234,0.527,-5.889,26.982,-0.154,-6.557,21.755,1.218,-2.981,16.094,1.724,-9.720,27.371,-0.070,1.537,27.083,1.502,-7.079,28.577,0.684,-5.525,25.231,0.013,9.2,12.00,32.0
3.8415,-88,-1,glide,-1,3.8415,3.8510,0,-0.264,-6.855,22.676,1.055,-3.164,16.436,1.934,-9.844,28.828,0.088,1.758,28.037,1.582,-7.207,29.531,0.703,-5.713,26.367,-0.149,-6.342,21.242,1.225,-2.855,15.723,1.714,-9.508,26.721,-0.104,1.545,26.431,1.500,-6.931,27.887,0.708,-5.339,24.631,0.013,9.6,11.90,32.0
3.8812,-87,-1,glide,-1,3.8812,3.8906,0,-0.264,-6.680,22.148,1.055,-3.076,16.084,1.934,-9.756,28.125,0.000,1.758,27.334,1.582,-7.207,28.828,0.703,-5.537,25.664,-0.144,-6.128,20.731,1.232,-2.730,15.354,1.703,-9.296,26.074,-0.138,1.553,25.782,1.497,-6.785,27.200,0.731,-5.154,24.034,0.013,9.6,11.90,32.0
3.9214,-86,-1,glide,-1,3.9214,3.9296,0,-0.264,-6.416,21.709,1.055,-2.900,15.732,1.934,-9.404,27.422,-0.088,1.758,26.719,1.582,-6.855,28.213,0.703,-5.537,25.137,-0.139,-5.915,20.224,1.239,-2.605,14.987,1.693,-9.086,25.431,-0.172,1.561,25.138,1.495,-6.639,26.518,0.753,-4.969,23.441,0.013,9.6,11.90,32.0
3.9614,-85,-1,glide,-1,3.9614,3.9699,0,-0.264,-6.240,21.182,1.055,-2.812,15.293,1.934,-9.316,26.807,-0.088,1.758,26.016,1.582,-6.768,27.510,0.703,-5.186,24.521,-0.134,-5.704,19.719,1.246,-2.482,14.623,1.683,-8.878,24.792,-0.206,1.569,24.497,1.493,-6.494,25.840,0.776,-4.786,22.851,0.013,9.2,12.00,32.0
4.0065,-84,-1,glide,-1,4.0065,4.0154,0,-0.264,-5.889,20.566,1.055,-2.812,14.941,1.934,-9.053,26.104,-0.088,1.758,25.312,1.582,-6.680,26.719,0.703,-5.186,23.818,-0.129,-5.494,19.218,1.253,-2.359,14.261,1.673,-8.670,24.157,-0.239,1.577,23.861,1.490,-6.351,25.166,0.799,-4.604,22.265,0.013,9.2,12.00,32.0
4.0414,-83,-1,glide,-1,4.0414,4.0503,0,-0.264,-5.713,20.127,1.055,-2.637,14.590,1.934,-8.877,25.576,0.000,1.758,24.785,1.582,-6.416,26.191,0.703,-4.834,23.379,-0.124,-5.286,18.720,1.260,-2.237,13.901,1.663,-8.464,23.526,-0.273,1.584,23.229,1.488,-6.208,24.497,0.821,-4.424,21.683,0.013,9.2,12.00,32.0
4.0814,-82,-1,glide,-1,4.0814,4.0903,0,-0.176,-5.713,19.688,1.055,-2.461,14.238,1.934,-8.613,24.961,-0.264,1.758,24.082,1.582,-6.328,25.488,0.703,-4.658,22.764,-0.119,-5.079,18.226,1.267,-2.116,13.544,1.653,-8.260,22.901,-0.306,1.592,22.602,1.486,-6.066,23.833,0.844,-4.245,21.106,0.013,8.4,11.90,32.0
4.1214,-81,-1,glide,-1,4.1214,4.1305,0,-0.088,-5.361,19.160,1.055,-2.373,13.799,1.934,-8.438,24.346,-0.264,1.758,23.467,1.582,-6.240,24.785,0.703,-4.482,22.148,-0.114,-4.874,17.736,1.274,-1.996,13.190,1.643,-8.057,22.280,-0.338,1.600,21.979,1.484,-5.926,23.174,0.866,-4.067,20.533,0.013,8.4,11.90,32.0
4.1614,-80,-1,glide,-1,4.1614,4.1704,0,-0.088,-5.186,18.633,1.055,-2.109,13.535,1.934,-8.174,23.643,-0.264,1.758,22.852,1.582,-5.977,24.170,0.791,-4.307,21.533,-0.109,-4.670,17.250,1.281,-1.877,12.839,1.633,-7.855,21.664,-0.371,1.607,21.362,1.481,-5.786,22.521,0.888,-3.890,19.964,0.013,8.4,11.90,32.0
4.2014,-79,-1,glide,-1,4.2014,4.2103,0,-0.088,-4.922,18.105,1.055,-2.109,13.184,1.934,-7.998,23.115,-0.264,1.758,22.148,1.582,-5.801,23.467,0.791,-4.131,21.006,-0.104,-4.468,16.768,1.288,-1.758,12.491,1.624,-7.656,21.054,-0.403,1.615,20.750,1.479,-5.648,21.873,0.909,-3.715,19.401,0.019,10.0,12.00,32.0
4.2414,-78,-1,glide,-1,4.2414,4.2504,0,-0.088,-4.658,17.666,1.055,-1.934,12.744,1.934,-7.822,22.412,-0.264,1.758,21.533,1.582,-5.801,22.764,0.791,-4.043,20.391,-0.099,-4.268,16.291,1.295,-1.641,12.146,1.614,-7.458,20.449,-0.435,1.622,20.144,1.477,-5.511,21.231,0.931,-3.542,18.842,0.019,10.0,12.00,32.0
4.2814,-77,-1,glide,-1,4.2814,4.2904,0,-0.088,-4.570,17.139,1.143,-1.846,12.480,1.934,-7.646,21.797,-0.439,1.758,20.918,1.582,-5.449,22.148,0.791,-3.779,19.863,-0.094,-4.070,15.818,1.301,-1.525,11.804,1.605,-7.263,19.850,-0.466,1.630,19.543,1.475,-5.375,20.595,0.952,-3.371,18.289,0.019,10.0,12.00,32.0
4.3214,-76,-1,glide,-1,4.3214,4.3304,0,-0.088,-4.395,16.699,1.143,-1.758,12.041,1.934,-7.383,21.182,-0.439,1.758,20.303,1.582,-5.449,21.533,0.967,-3.604,19.248,-0.089,-3.874,15.350,1.308,-1.411,11.466,1.595,-7.069,19.256,-0.498,1.637,18.948,1.473,-5.241,19.966,0.973,-3.201,17.742,0.013,8.8,12.00,32.0
4.3614,-75,-1,glide,-1,4.3614,4.3704,0,-0.088,-4.131,16.172,1.143,-1.670,11.689,1.934,-7.295,20.566,-0.439,1.758,19.688,1.582,-5.449,20.830,0.967,-3.428,18.721,-0.085,-3.680,14.886,1.314,-1.297,11.131,1.586,-6.877,18.669,-0.529,1.644,18.360,1.471,-5.108,19.343,0.994,-3.032,17.200,0.013,8.8,12.00,32.0
4.4014,-74,-1,glide,-1,4.4014,4.4101,0,-0.088,-3.955,15.732,1.143,-1.406,11.338,1.758,-6.943,20.039,-0.439,1.758,19.160,1.582,-5.186,20.215,0.967,-3.340,18.105,-0.080,-3.488,14.428,1.321,-1.185,10.800,1.577,-6.687,18.089,-0.559,1.651,17.778,1.468,-4.977,18.727,1.015,-2.866,16.664,0.013,8.8,12.00,32.0
4.4414,-73,-1,glide,-1,4.4414,4.4503,0,-0.088,-3.691,15.205,1.143,-1.406,11.074,1.758,-6.855,19.424,-0.439,1.758,18.545,1.582,-5.098,19.512,0.967,-3.076,17.666,-0.075,-3.298,13.975,1.327,-1.074,10.472,1.567,-6.499,17.514,-0.589,1.658,17.202,1.466,-4.847,18.117,1.035,-2.702,16.134,0.013,2.8,11.90,30.0
4.4814,-72,-1,glide,-1,4.4814,4.4905,0,-0.088,-3.604,14.766,1.143,-1.318,10.723,1.758,-6.592,18.809,-0.439,1.758,17.930,1.582,-5.098,18.984,0.967,-3.076,17.051,-0.071,-3.111,13.527,1.333,-0.964,10.149,1.558,-6.314,16.947,-0.619,1.665,16.634,1.464,-4.718,17.515,1.056,-2.539,15.611,0.013,2.8,11.90,30.0
4.5214,-71,-1,glide,-1,4.5214,4.5304,0,-0.088,-3.428,14.326,1.143,-1.143,10.459,1.758,-6.504,18.193,-0.439,1.758,17.402,1.582,-4.746,18.281,0.967,-2.812,16.523,-0.066,-2.926,13.084,1.340,-0.855,9.829,1.550,-6.131,16.387,-0.649,1.672,16.072,1.462,-4.591,16.921,1.076,-2.379,15.094,0.013,2.8,11.90,30.0
4.5614,-70,-1,glide,-1,4.5614,4.5703,0,-0.088,-3.164,13.887,1.143,-1.055,10.020,1.758,-6.328,17.578,-0.439,1.758,16.787,1.582,-4.746,17.666,0.967,-2.549,15.996,-0.062,-2.743,12.648,1.346,-0.748,9.514,1.541,-5.950,15.834,-0.678,1.679,15.518,1.460,-4.466,16.334,1.095,-2.220,14.583,0.019,8.8,12.00,32.0
4.6014,-69,-1,glide,-1,4.6014,4.6104,0,-0.088,-2.988,13.447,1.143,-1.055,9.756,1.758,-6.152,17.051,-0.527,1.758,16.260,1.582,-4.482,17.139,0.967,-2.461,15.469,-0.057,-2.563,12.217,1.352,-0.643,9.203,1.532,-5.772,15.288,-0.707,1.686,14.971,1.458,-4.343,15.755,1.115,-2.064,14.080,0.019,8.8,12.00,32.0
4.6414,-68,-1,glide,-1,4.6414,4.6504,0,-0.088,-2.725,12.920,1.143,-0.879,9.492,1.758,-5.889,16.436,-0.615,1.758,15.645,1.582,-4.482,16.523,0.967,-2.373,14.941,-0.053,-2.385,11.793,1.358,-0.539,8.896,1.524,-5.596,14.751,-0.735,1.692,14.432,1.456,-4.221,15.184,1.134,-1.910,13.583,0.019,8.8,12.00,32.0
4.6815,-67,-1,glide,-1,4.6815,4.6909,0,-0.088,-2.637,12.568,1.143,-0.703,9.141,1.758,-5.801,15.908,-0.527,1.758,15.029,1.582,-4.219,15.908,1.055,-2.109,14.414,-0.049,-2.210,11.374,1.364,-0.436,8.594,1.515,-5.423,14.221,-0.763,1.699,13.900,1.454,-4.101,14.622,1.153,-1.758,13.094,0.013,7.6,12.00,32.0
4.7214,-66,-1,glide,-1,4.7214,4.7304,0,-0.088,-2.461,12.041,1.143,-0.703,8.877,1.758,-5.625,15.381,-0.791,1.758,14.590,1.582,-4.219,15.381,1.143,-2.109,13.887,-0.045,-2.037,10.962,1.369,-0.335,8.296,1.507,-5.253,13.699,-0.790,1.705,13.377,1.453,-3.983,14.068,1.171,-1.609,12.613,0.013,7.6,12.00,32.0
4.7614,-65,-1,glide,-1,4.7614,4.7709,0,-0.088,-2.197,11.602,1.143,-0.439,8.525,1.758,-5.449,14.854,-0.791,1.758,13.975,1.582,-4.131,14.766,1.143,-1.846,13.447,-0.040,-1.867,10.557,1.375,-0.236,8.003,1.499,-5.085,13.185,-0.818,1.712,12.862,1.451,-3.866,13.523,1.190,-1.461,12.139,0.013,7.6,12.00,32.0
4.8014,-64,-1,glide,-1,4.8014,4.8109,0,-0.088,-2.109,11.250,1.143,-0.439,8.262,1.758,-5.186,14.326,-0.791,1.758,13.447,1.582,-3.867,14.150,1.143,-1.670,12.920,-0.036,-1.700,10.158,1.381,-0.138,7.715,1.491,-4.920,12.680,-0.844,1.718,12.356,1.449,-3.752,12.987,1.208,-1.317,11.673,0.013,4.0,12.10,30.0
4.8414,-63,-1,glide,-1,4.8414,4.8508,0,-0.088,-1.934,10.811,1.143,-0.352,7.910,1.758,-5.098,13.799,-0.791,1.758,12.920,1.494,-3.867,13.623,1.143,-1.582,12.480,-0.032,-1.536,9.767,1.386,-0.042,7.432,1.483,-4.758,12.184,-0.870,1.724,11.859,1.447,-3.640,12.461,1.225,-1.175,11.215,0.013,4.0,12.10,30.0
4.8818,-62,-1,glide,-1,4.8818,4.8932,0,-0.088,-1.670,10.459,1.143,-0.352,7.646,1.758,-4.834,13.184,-0.791,1.758,12.393,1.494,-3.779,13.096,1.143,-1.406,11.953,-0.028,-1.375,9.382,1.392,0.052,7.154,1.475,-4.598,11.697,-0.896,1.730,11.370,1.445,-3.529,11.944,1.243,-1.035,10.765,0.013,4.0,12.10,30.0
4.9215,-61,-1,glide,-1,4.9215,4.9308,0,-0.088,-1.582,10.020,1.143,-0.088,7.471,1.758,-4.746,12.744,-0.791,1.758,11.953,1.494,-3.516,12.568,1.143,-1.230,11.514,-0.025,-1.217,9.005,1.397,0.145,6.882,1.467,-4.442,11.219,-0.921,1.736,10.891,1.444,-3.421,11.436,1.260,-0.898,10.324,0.013,7.6,12.00,32.0
4.9614,-60,-1,glide,-1,4.9614,4.9708,0,-0.088,-1.582,9.668,1.143,0.000,7.119,1.758,-4.482,12.305,-0.791,1.758,11.426,1.494,-3.516,12.041,1.143,-1.143,11.074,-0.021,-1.062,8.635,1.402,0.235,6.614,1.460,-4.289,10.750,-0.946,1.742,10.421,1.442,-3.315,10.939,1.276,-0.764,9.891,0.013,7.6,12.00,32.0
5.0014,-59,-1,glide,-1,5.0014,5.0108,0,-0.088,-1.318,9.229,1.143,0.000,6.768,1.758,-4.482,11.777,-0.791,1.758,10.898,1.494,-3.428,11.514,1.143,-0.967,10.547,-0.017,-0.910,8.272,1.407,0.324,6.353,1.453,-4.139,10.291,-0.970,1.747,9.961,1.440,-3.211,10.452,1.293,-0.632,9.467,0.013,7.6,12.00,32.0
5.0414,-58,-1,glide,-1,5.0414,5.0508,0,-0.088,-1.143,8.877,1.143,0.176,6.504,1.758,-4.219,11.338,-0.879,1.758,10.459,1.494,-3.340,10.986,1.318,-0.879,10.195,-0.014,-0.762,7.917,1.412,0.411,6.096,1.446,-3.992,9.842,-0.994,1.753,9.511,1.439,-3.109,9.975,1.309,-0.504,9.053,0.013,8.0,12.00,32.0
5.0814,-57,-1,glide,-1,5.0814,5.0908,0,-0.088,-0.967,8.525,1.143,0.264,6.328,1.758,-4.131,10.811,-0.879,1.758,9.932,1.494,-3.340,10.459,1.318,-0.703,9.668,-0.010,-0.617,7.571,1.417,0.496,5.846,1.439,-3.849,9.402,-1.017,1.758,9.070,1.437,-3.010,9.509,1.324,-0.378,8.647,0.013,8.0,12.00,32.0
5.1214,-56,-1,glide,-1,5.1214,5.1308,0,-0.088,-0.791,8.174,1.143,0.352,6.064,1.758,-3.867,10.283,-0.967,1.758,9.492,1.494,-2.988,9.932,1.318,-0.527,9.316,-0.007,-0.475,7.232,1.422,0.579,5.601,1.432,-3.708,8.973,-1.039,1.763,8.640,1.435,-2.913,9.054,1.340,-0.255,8.251,0.013,8.0,12.00,32.0
5.1614,-55,-1,glide,-1,5.1614,5.1708,0,-0.088,-0.703,7.822,1.143,0.439,5.889,1.758,-3.779,9.932,-0.967,1.758,9.053,1.494,-2.988,9.580,1.406,-0.352,8.877,-0.003,-0.337,6.902,1.427,0.660,5.363,1.425,-3.572,8.555,-1.061,1.769,8.221,1.434,-2.818,8.610,1.354,-0.135,7.865,0.013,7.2,12.00,32.0
5.2015,-54,-1,glide,-1,5.2015,5.2108,0,-0.088,-0.527,7.471,1.143,0.439,5.625,1.758,-3.779,9.492,-0.967,1.758,8.613,1.494,-2.900,9.053,1.406,-0.352,8.438,0.000,-0.202,6.580,1.431,0.739,5.130,1.419,-3.438,8.147,-1.083,1.774,7.812,1.432,-2.726,8.177,1.369,-0.018,7.489,0.013,7.2,12.00,32.0
5.2414,-53,-1,glide,-1,5.2414,5.2508,0,-0.088,-0.439,7.119,1.143,0.615,5.361,1.758,-3.604,9.053,-0.967,1.758,8.174,1.494,-2.900,8.613,1.406,-0.352,8.086,0.003,-0.071,6.267,1.436,0.816,4.904,1.412,-3.309,7.750,-1.104,1.779,7.414,1.431,-2.636,7.756,1.383,0.096,7.122,0.013,7.2,12.00,32.0
5.2814,-52,-1,glide,-1,5.2814,5.2908,0,-0.088,-0.352,6.768,1.143,0.703,5.098,1.758,-3.340,8.613,-1.055,1.758,7.822,1.494,-2.637,8.174,1.406,-0.176,7.646,0.006,0.057,5.962,1.440,0.890,4.684,1.406,-3.183,7.364,-1.124,1.783,7.028,1.430,-2.548,7.346,1.397,0.206,6.766,0.013,6.8,12.00,32.0
5.3215,-51,-1,glide,-1,5.3215,5.3308,0,-0.088,-0.088,6.416,1.143,0.703,4.834,1.758,-3.252,8.262,-1.143,1.758,7.383,1.494,-2.637,7.734,1.406,0.000,7.295,0.009,0.181,5.667,1.444,0.963,4.470,1.400,-3.060,6.990,-1.144,1.788,6.652,1.428,-2.464,6.949,1.410,0.313,6.421,0.013,6.8,12.00,32.0
5.3614,-50,-1,glide,-1,5.3614,5.3707,0,-0.088,-0.088,6.152,1.143,0.703,4.746,1.758,-3.252,7.822,-1.143,1.758,6.943,1.494,-2.549,7.295,1.406,0.000,6.943,0.012,0.301,5.380,1.448,1.033,4.263,1.394,-2.942,6.627,-1.163,1.792,6.289,1.427,-2.381,6.564,1.423,0.417,6.086,0.013,6.8,12.00,32.0
5.4014,-49,-1,glide,-1,5.4014,5.4108,0,-0.088,0.088,5.801,1.143,0.703,4.395,1.758,-3.076,7.471,-1.143,1.758,6.592,1.494,-2.549,6.943,1.406,0.264,6.592,0.015,0.417,5.103,1.452,1.101,4.063,1.389,-2.827,6.276,-1.182,1.797,5.937,1.426,-2.302,6.191,1.436,0.518,5.762,0.013,2.8,11.90,30.0
5.4414,-48,-1,glide,-1,5.4414,5.4508,0,-0.088,0.264,5.537,1.143,0.967,4.307,1.758,-2.900,7.031,-1.143,1.758,6.328,1.494,-2.373,6.592,1.406,0.352,6.240,0.018,0.529,4.835,1.456,1.167,3.870,1.384,-2.716,5.937,-1.199,1.801,5.597,1.424,-2.225,5.832,1.448,0.615,5.449,0.013,2.8,11.90,30.0
5.4812,-47,-1,glide,-1,5.4812,5.4902,0,-0.088,0.264,5.361,1.143,1.055,3.955,1.758,-2.725,6.680,-1.143,1.758,5.889,1.494,-2.285,6.152,1.406,0.352,5.977,0.020,0.637,4.577,1.459,1.230,3.683,1.378,-2.609,5.610,-1.217,1.805,5.269,1.423,-2.151,5.485,1.459,0.709,5.147,0.013,2.8,11.90,30.0
5.5214,-46,-1,glide,-1,5.5214,5.5305,0,-0.088,0.439,5.010,1.143,1.055,3.867,1.758,-2.725,6.416,-1.143,1.758,5.625,1.494,-2.197,5.801,1.406,0.527,5.625,0.023,0.741,4.329,1.463,1.291,3.504,1.373,-2.507,5.296,-1.233,1.809,4.954,1.422,-2.080,5.151,1.471,0.799,4.857,0.013,7.6,12.00,32.0
5.5614,-45,-1,glide,-1,5.5614,5.5709,0,-0.088,0.527,4.746,1.143,1.055,3.604,1.758,-2.725,6.064,-1.143,1.758,5.186,1.494,-2.197,5.449,1.406,0.703,5.273,0.025,0.841,4.091,1.466,1.349,3.332,1.369,-2.408,4.994,-1.249,1.812,4.651,1.421,-2.011,4.831,1.481,0.885,4.578,0.013,7.6,12.00,32.0
5.6015,-44,-1,glide,-1,5.6015,5.6105,0,-0.088,0.615,4.482,1.143,1.230,3.516,1.758,-2.549,5.713,-1.143,1.758,4.834,1.494,-2.197,5.098,1.406,0.703,5.010,0.028,0.936,3.862,1.469,1.405,3.167,1.364,-2.313,4.705,-1.264,1.816,4.361,1.420,-1.946,4.524,1.492,0.968,4.312,0.013,7.6,12.00,32.0
5.6414,-43,-1,glide,-1,5.6414,5.6504,0,-0.088,0.791,4.307,1.143,1.230,3.252,1.758,-2.373,5.361,-1.143,1.758,4.746,1.494,-2.021,4.834,1.406,0.703,4.658,0.030,1.027,3.645,1.472,1.458,3.009,1.360,-2.223,4.429,-1.279,1.819,4.085,1.419,-1.884,4.231,1.501,1.047,4.057,0.013,4.8,12.00,33.0
5.6812,-42,-1,glide,-1,5.6812,5.6905,0,-0.088,0.879,4.043,1.143,1.230,3.252,1.670,-2.285,5.098,-1.143,1.758,4.307,1.494,-1.934,4.482,1.406,0.703,4.482,0.032,1.114,3.437,1.475,1.509,2.860,1.355,-2.137,4.166,-1.293,1.823,3.821,1.418,-1.824,3.952,1.511,1.122,3.815,0.013,4.8,12.00,33.0
5.7214,-41,-1,glide,-1,5.7214,5.7309,0,-0.088,0.967,3.779,1.143,1.406,2.900,1.494,-2.197,4.834,-1.143,1.758,3.955,1.494,-1.846,4.219,1.406,0.967,4.131,0.034,1.197,3.241,1.478,1.557,2.717,1.351,-2.056,3.917,-1.306,1.826,3.572,1.417,-1.768,3.688,1.520,1.194,3.585,0.013,4.8,12.00,33.0
5.7614,-40,-1,glide,-1,5.7614,5.7708,0,-0.088,0.967,3.516,1.143,1.406,2.988,1.494,-2.197,4.482,-1.143,1.758,3.779,1.494,-1.846,3.955,1.406,1.055,3.955,0.036,1.274,3.055,1.481,1.603,2.583,1.348,-1.979,3.681,-1.318,1.829,3.336,1.416,-1.714,3.438,1.528,1.261,3.367,0.006,3.2,12.00,32.0
5.8014,-39,-1,glide,-1,5.8014,5.8111,0,-0.088,1.143,3.428,1.143,1.406,2.637,1.494,-2.021,4.219,-1.143,1.758,3.516,1.494,-1.846,3.691,1.406,1.055,3.691,0.038,1.348,2.880,1.483,1.646,2.457,1.344,-1.907,3.460,-1.330,1.831,3.114,1.416,-1.664,3.203,1.536,1.325,3.163,0.006,3.2,12.00,32.0
5.8414,-38,-1,glide,-1,5.8414,5.8508,0,-0.088,1.143,3.252,1.143,1.406,2.637,1.494,-2.021,4.043,-1.143,1.758,3.340,1.494,-1.846,3.428,1.406,1.055,3.428,0.039,1.416,2.716,1.485,1.686,2.339,1.341,-1.839,3.252,-1.341,1.834,2.906,1.415,-1.617,2.983,1.543,1.384,2.971,0.006,3.2,12.00,32.0
5.8814,-37,-1,glide,-1,5.8814,5.8908,0,-0.088,1.318,2.988,1.143,1.406,2.549,1.494,-2.021,3.779,-1.143,1.758,3.076,1.494,-1.670,3.076,1.406,1.143,3.340,0.041,1.480,2.564,1.488,1.723,2.228,1.338,-1.776,3.059,-1.351,1.836,2.712,1.414,-1.573,2.778,1.550,1.439,2.793,0.013,6.4,12.00,32.0
5.9215,-36,-1,glide,-1,5.9215,5.9308,0,-0.088,1.318,2.900,1.143,1.582,2.285,1.494,-1.846,3.604,-1.143,1.758,2.900,1.494,-1.582,2.988,1.494,1.230,2.988,0.042,1.539,2.423,1.490,1.758,2.127,1.335,-1.717,2.881,-1.360,1.838,2.533,1.413,-1.533,2.588,1.556,1.490,2.628,0.013,6.4,12.00,32.0
5.9615,-35,-1,glide,-1,5.9615,5.9711,0,-0.088,1.318,2.900,1.143,1.670,2.197,1.494,-1.846,3.428,-1.143,1.758,2.812,1.494,-1.494,2.988,1.582,1.318,2.900,0.044,1.593,2.293,1.491,1.790,2.033,1.332,-1.664,2.717,-1.369,1.840,2.369,1.413,-1.496,2.415,1.562,1.537,2.477,0.013,6.4,12.00,32.0
6.0015,-34,-1,glide,-1,6.0015,6.0104,0,-0.088,1.494,2.725,1.143,1.670,2.197,1.494,-1.846,3.252,-1.230,1.758,2.461,1.494,-1.494,2.549,1.582,1.406,2.725,0.045,1.642,2.176,1.493,1.818,1.948,1.330,-1.615,2.568,-1.377,1.842,2.220,1.412,-1.462,2.257,1.568,1.580,2.340,0.013,3.2,12.00,32.0
6.0415,-33,-1,glide,-1,6.0415,6.0506,0,-0.088,1.494,2.373,1.143,1.670,1.934,1.494,-1.670,3.076,-1.318,1.758,2.461,1.494,-1.494,2.461,1.582,1.406,2.549,0.046,1.686,2.071,1.495,1.844,1.872,1.328,-1.572,2.435,-1.384,1.844,2.086,1.412,-1.432,2.115,1.572,1.618,2.217,0.013,3.2,12.00,32.0
6.0814,-32,-1,glide,-1,6.0814,6.0908,0,0.088,1.494,2.373,1.143,1.758,1.934,1.494,-1.582,2.988,-1.318,1.758,2.109,1.494,-1.494,2.461,1.582,1.494,2.549,0.047,1.725,1.978,1.496,1.867,1.805,1.326,-1.533,2.317,-1.390,1.845,1.968,1.411,-1.405,1.990,1.577,1.652,2.108,0.013,3.2,12.00,32.0
6.1214,-31,-1,glide,-1,6.1214,6.1308,0,0.176,1.494,2.373,1.143,1.758,1.934,1.494,-1.582,2.725,-1.318,1.758,2.109,1.494,-1.494,2.109,1.582,1.494,2.373,0.048,1.759,1.897,1.497,1.887,1.747,1.324,-1.500,2.214,-1.396,1.847,1.865,1.411,-1.382,1.881,1.580,1.681,2.013,0.013,5.2,12.00,32.0
6.1614,-30,-1,glide,-1,6.1614,6.1705,0,0.000,1.670,2.197,1.143,1.758,1.934,1.494,-1.582,2.637,-1.318,1.758,1.846,1.494,-1.494,2.109,1.582,1.494,2.285,0.048,1.788,1.828,1.498,1.904,1.697,1.323,-1.471,2.128,-1.400,1.848,1.778,1.411,-1.363,1.789,1.583,1.706,1.933,0.013,5.2,12.00,32.0
6.2014,-29,-1,glide,-1,6.2014,6.2108,0,0.088,1.670,2.197,1.143,1.758,1.758,1.494,-1.582,2.637,-1.318,1.758,1.846,1.494,-1.494,1.846,1.582,1.494,2.197,0.049,1.811,1.773,1.499,1.917,1.657,1.322,-1.448,2.057,-1.404,1.849,1.708,1.410,-1.347,1.715,1.586,1.726,1.868,0.013,5.2,12.00,32.0
6.2414,-28,-1,glide,-1,6.2414,6.2508,0,0.088,1.670,2.197,1.143,1.758,1.846,1.494,-1.582,2.637,-1.318,1.758,1.758,1.494,-1.494,1.934,1.582,1.494,2.021,0.049,1.829,1.730,1.499,1.928,1.626,1.321,-1.431,2.003,-1.407,1.849,1.653,1.410,-1.334,1.657,1.588,1.742,1.818,0.013,6.4,12.00,32.0
6.2815,-27,-1,glide,-1,6.2815,6.2908,0,0.088,1.670,2.021,1.143,1.758,1.846,1.494,-1.406,2.549,-1.318,1.758,1.846,1.494,-1.230,1.758,1.582,1.582,2.021,0.050,1.842,1.700,1.500,1.935,1.605,1.320,-1.418,1.966,-1.409,1.850,1.616,1.410,-1.326,1.617,1.589,1.753,1.784,0.013,6.4,12.00,32.0
6.3215,-26,-1,glide,-1,6.3215,6.3309,0,0.088,1.670,1.934,1.143,1.758,1.670,1.494,-1.406,2.373,-1.318,1.758,1.582,1.494,-1.143,1.758,1.582,1.670,2.021,0.050,1.848,1.684,1.500,1.939,1.593,1.320,-1.412,1.945,-1.410,1.850,1.595,1.410,-1.321,1.595,1.590,1.759,1.764,0.013,6.4,12.00,32.0
6.3614,-25,-1,glide,-1,6.3614,6.3707,0,0.088,1.670,1.934,1.143,1.758,1.670,1.494,-1.406,2.373,-1.318,1.758,1.670,1.494,-1.143,1.758,1.582,1.670,2.021,0.050,1.850,1.680,1.500,1.940,1.590,1.320,-1.410,1.940,-1.410,1.850,1.590,1.410,-1.320,1.590,1.590,1.760,1.760,0.006,4.8,12.00,32.0
6.4014,-24,-1,glide,-1,6.4014,6.4108,0,0.088,1.670,1.934,1.143,1.758,1.670,1.494,-1.406,2.373,-1.318,1.758,1.670,1.494,-1.143,1.758,1.582,1.670,2.021,0.050,1.850,1.680,1.500,1.940,1.590,1.320,-1.410,1.940,-1.410,1.850,1.590,1.410,-1.320,1.590,1.590,1.760,1.760,0.006,4.8,12.00,32.0
6.4414,-23,-1,glide,-1,6.4414,6.4510,0,0.088,1.670,1.934,1.143,1.758,1.670,1.494,-1.406,2.373,-1.318,1.758,1.670,1.494,-1.143,1.758,1.582,1.670,2.021,0.050,1.850,1.680,1.500,1.940,1.590,1.320,-1.410,1.940,-1.410,1.850,1.590,1.410,-1.320,1.590,1.590,1.760,1.760,0.006,4.8,12.00,32.0
6.4812,-22,-1,glide,-1,6.4812,6.4906,0,0.088,1.670,1.934,1.143,1.758,1.670,1.494,-1.406,2.373,-1.318,1.758,1.670,1.494,-1.143,1.758,1.582,1.670,2.021,0.050,1.850,1.680,1.500,1.940,1.590,1.320,-1.410,1.940,-1.410,1.850,1.590,1.410,-1.320,1.590,1.590,1.760,1.760,0.013,4.8,12.00,32.0
6.5215,-21,-1,glide,-1,6.5215,6.5311,0,0.088,1.670,1.934,1.143,1.758,1.670,1.494,-1.406,2.373,-1.318,1.758,1.670,1.494,-1.143,1.758,1.582,1.670,2.021,0.050,1.850,1.680,1.500,1.940,1.590,1.320,-1.410,1.940,-1.410,1.850,1.590,1.410,-1.320,1.590,1.590,1.760,1.760,0.013,4.8,12.00,32.0
6.5614,-20,-1,glide,-1,6.5614,6.5709,0,0.088,1.670,1.934,1.143,1.758,1.670,1.494,-1.406,2.373,-1.318,1.758,1.670,1.494,-1.143,1.758,1.582,1.670,2.021,0.050,1.850,1.680,1.500,1.940,1.590,1.320,-1.410,1.940,-1.410,1.850,1.590,1.410,-1.320,1.590,1.590,1.760,1.760,0.013,4.8,12.00,32.0
6.6014,-19,-1,glide,-1,6.6014,6.6108,0,0.088,1.670,1.934,1.143,1.758,1.670,1.494,-1.406,2.373,-1.318,1.758,1.670,1.494,-1.143,1.758,1.582,1.670,2.021,0.050,1.850,1.680,1.500,1.940,1.590,1.320,-1.410,1.940,-1.410,1.850,1.590,1.410,-1.320,1.590,1.590,1.760,1.760,0.013,4.8,12.00,32.0
6.6414,-18,-1,glide,-1,6.6414,6.6508,0,0.088,1.670,1.934,1.143,1.758,1.670,1.494,-1.406,2.373,-1.318,1.758,1.670,1.494,-1.143,1.758,1.582,1.670,2.021,0.050,1.850,1.680,1.500,1.940,1.590,1.320,-1.410,1.940,-1.410,1.850,1.590,1.410,-1.320,1.590,1.590,1.760,1.760,0.013,4.8,12.00,32.0
6.6814,-17,-1,glide,-1,6.6814,6.6907,0,0.088,1.670,1.934,1.143,1.758,1.670,1.494,-1.406,2.373,-1.318,1.758,1.670,1.494,-1.143,1.758,1.582,1.670,2.021,0.050,1.850,1.680,1.500,1.940,1.590,1.320,-1.410,1.940,-1.410,1.850,1.590,1.410,-1.320,1.590,1.590,1.760,1.760,0.013,4.8,12.00,32.0
6.7214,-16,-1,glide,-1,6.7214,6.7310,0,0.088,1.670,1.934,1.143,1.758,1.670,1.494,-1.406,2.373,-1.318,1.758,1.670,1.494,-1.143,1.758,1.582,1.670,2.021,0.050,1.850,1.680,1.500,1.940,1.590,1.320,-1.410,1.940,-1.410,1.850,1.590,1.410,-1.320,1.590,1.590,1.760,1.760,0.006,4.0,12.10,33.0
6.7614,-15,-1,glide,-1,6.7614,6.7708,0,0.088,1.670,1.934,1.143,1.758,1.670,1.494,-1.406,2.373,-1.318,1.758,1.670,1.494,-1.143,1.758,1.582,1.670,2.021,0.050,1.850,1.680,1.500,1.940,1.590,1.320,-1.410,1.940,-1.410,1.850,1.590,1.410,-1.320,1.590,1.590,1.760,1.760,0.006,4.0,12.10,33.0
6.8014,-14,-1,glide,-1,6.8014,6.8108,0,0.088,1.670,1.934,1.143,1.758,1.670,1.494,-1.406,2.373,-1.318,1.758,1.670,1.494,-1.143,1.758,1.582,1.670,2.021,0.050,1.850,1.680,1.500,1.940,1.590,1.320,-1.410,1.940,-1.410,1.850,1.590,1.410,-1.320,1.590,1.590,1.760,1.760,0.006,4.0,12.10,33.0
6.8414,-13,-1,glide,-1,6.8414,6.8508,0,0.088,1.670,1.934,1.143,1.758,1.670,1.494,-1.406,2.373,-1.318,1.758,1.670,1.494,-1.143,1.758,1.582,1.670,2.021,0.050,1.850,1.680,1.500,1.940,1.590,1.320,-1.410,1.940,-1.410,1.850,1.590,1.410,-1.320,1.590,1.590,1.760,1.760,0.006,2.4,12.00,32.0
6.8815,-12,-1,glide,-1,6.8815,6.8908,0,0.088,1.670,1.934,1.143,1.758,1.670,1.494,-1.406,2.373,-1.318,1.758,1.670,1.494,-1.143,1.758,1.582,1.670,2.021,0.050,1.850,1.680,1.500,1.940,1.590,1.320,-1.410,1.940,-1.410,1.850,1.590,1.410,-1.320,1.590,1.590,1.760,1.760,0.006,2.4,12.00,32.0
6.9214,-11,-1,glide,-1,6.9214,6.9307,0,0.088,1.670,1.934,1.143,1.758,1.670,1.494,-1.406,2.373,-1.318,1.758,1.670,1.494,-1.143,1.758,1.582,1.670,2.021,0.050,1.850,1.680,1.500,1.940,1.590,1.320,-1.410,1.940,-1.410,1.850,1.590,1.410,-1.320,1.590,1.590,1.760,1.760,0.006,2.4,12.00,32.0
6.9614,-10,-1,glide,-1,6.9614,6.9708,0,0.088,1.670,1.934,1.143,1.758,1.670,1.494,-1.406,2.373,-1.318,1.758,1.670,1.494,-1.143,1.758,1.582,1.670,2.021,0.050,1.850,1.680,1.500,1.940,1.590,1.320,-1.410,1.940,-1.410,1.850,1.590,1.410,-1.320,1.590,1.590,1.760,1.760,0.013,4.8,12.00,32.0
7.0015,-9,-1,glide,-1,7.0015,7.0108,0,0.088,1.670,1.934,1.143,1.758,1.670,1.494,-1.406,2.373,-1.318,1.758,1.670,1.494,-1.143,1.758,1.582,1.670,2.021,0.050,1.850,1.680,1.500,1.940,1.590,1.320,-1.410,1.940,-1.410,1.850,1.590,1.410,-1.320,1.590,1.590,1.760,1.760,0.013,4.8,12.00,32.0
7.0414,-8,-1,glide,-1,7.0414,7.0508,0,0.088,1.670,1.934,1.143,1.758,1.670,1.494,-1.406,2.373,-1.318,1.758,1.670,1.494,-1.143,1.758,1.582,1.670,2.021,0.050,1.850,1.680,1.500,1.940,1.590,1.320,-1.410,1.940,-1.410,1.850,1.590,1.410,-1.320,1.590,1.590,1.760,1.760,0.013,4.8,12.00,32.0
7.0814,-7,-1,glide,-1,7.0814,7.0909,0,0.088,1.670,1.934,1.143,1.758,1.670,1.494,-1.406,2.373,-1.318,1.758,1.670,1.494,-1.143,1.758,1.582,1.670,2.021,0.050,1.850,1.680,1.500,1.940,1.590,1.320,-1.410,1.940,-1.410,1.850,1.590,1.410,-1.320,1.590,1.590,1.760,1.760,0.013,4.8,12.00,32.0
7.1215,-6,-1,glide,-1,7.1215,7.1308,0,0.088,1.670,1.934,1.143,1.758,1.670,1.494,-1.406,2.373,-1.318,1.758,1.670,1.494,-1.143,1.758,1.582,1.670,2.021,0.050,1.850,1.680,1.500,1.940,1.590,1.320,-1.410,1.940,-1.410,1.850,1.590,1.410,-1.320,1.590,1.590,1.760,1.760,0.013,4.8,12.00,32.0
7.1612,-5,-1,glide,-1,7.1612,7.1702,0,0.088,1.670,1.934,1.143,1.758,1.670,1.494,-1.406,2.373,-1.318,1.758,1.670,1.494,-1.143,1.758,1.582,1.670,2.021,0.050,1.850,1.680,1.500,1.940,1.590,1.320,-1.410,1.940,-1.410,1.850,1.590,1.410,-1.320,1.590,1.590,1.760,1.760,0.013,4.8,12.00,32.0
7.2014,-4,-1,glide,-1,7.2014,7.2103,0,0.088,1.670,1.934,1.143,1.758,1.670,1.494,-1.406,2.373,-1.318,1.758,1.670,1.494,-1.143,1.758,1.582,1.670,2.021,0.050,1.850,1.680,1.500,1.940,1.590,1.320,-1.410,1.940,-1.410,1.850,1.590,1.410,-1.320,1.590,1.590,1.760,1.760,0.006,2.4,12.00,32.0
7.2414,-3,-1,glide,-1,7.2414,7.2508,0,0.088,1.670,1.934,1.143,1.758,1.670,1.494,-1.406,2.373,-1.318,1.758,1.670,1.494,-1.143,1.758,1.582,1.670,2.021,0.050,1.850,1.680,1.500,1.940,1.590,1.320,-1.410,1.940,-1.410,1.850,1.590,1.410,-1.320,1.590,1.590,1.760,1.760,0.006,2.4,12.00,32.0
7.2814,-2,-1,glide,-1,7.2814,7.2903,0,0.088,1.670,1.934,1.143,1.758,1.670,1.494,-1.406,2.373,-1.318,1.758,1.670,1.494,-1.143,1.758,1.582,1.670,2.021,0.050,1.850,1.680,1.500,1.940,1.590,1.320,-1.410,1.940,-1.410,1.850,1.590,1.410,-1.320,1.590,1.590,1.760,1.760,0.006,2.4,12.00,32.0
7.3214,-1,-1,glide,-1,7.3214,7.3309,0,0.088,1.670,1.934,1.143,1.758,1.670,1.494,-1.406,2.373,-1.318,1.758,1.670,1.494,-1.143,1.758,1.582,1.670,2.021,0.050,1.850,1.680,1.500,1.940,1.590,1.320,-1.410,1.940,-1.410,1.850,1.590,1.410,-1.320,1.590,1.590,1.760,1.760,0.006,3.2,12.10,33.0
7.3520,0,0,move,-1,7.3520,7.3611,0,0.088,1.670,1.934,1.143,1.758,1.670,1.494,-1.406,2.373,-1.318,1.758,1.670,1.494,-1.143,1.758,1.582,1.670,2.021,0.050,1.850,1.680,1.500,1.940,1.590,1.320,-1.410,1.940,-1.410,1.850,1.590,1.410,-1.320,1.590,1.590,1.760,1.760,0.006,3.2,12.10,33.0
7.3871,1,0,move,-1,7.3871,7.5197,0,0.088,1.670,1.934,1.143,1.758,1.670,1.494,-1.406,2.373,-1.318,1.758,1.670,1.494,-1.143,1.758,1.582,1.670,2.021,1.110,3.350,3.180,3.000,3.440,3.090,2.820,-2.910,3.440,-1.750,3.350,3.090,2.910,-2.820,3.090,3.090,3.260,3.260,0.013,3.2,12.00,29.0
7.5308,2,0,move,-1,7.5308,7.5400,1,0.088,1.670,1.934,1.143,1.758,1.670,1.494,-1.406,2.373,-1.318,1.758,1.670,1.494,-1.143,1.758,1.582,1.670,2.021,1.150,4.850,4.680,4.500,4.940,4.590,4.320,-4.200,4.940,-1.310,4.850,4.590,4.410,-4.320,4.590,4.590,4.760,4.760,0.013,3.2,12.00,29.0
7.5409,3,0,move,-1,7.5409,7.5496,1,0.088,1.670,1.934,1.143,1.758,1.670,1.494,-1.406,2.373,-1.318,1.758,1.670,1.494,-1.143,1.758,1.582,1.670,2.021,1.440,6.350,6.180,6.000,6.440,6.090,5.820,-5.700,6.440,-1.220,6.350,6.090,5.530,-5.820,6.090,6.090,6.260,6.260,0.013,3.2,12.00,29.0
7.5505,4,0,move,-1,7.5505,7.5595,1,0.088,1.670,1.934,1.143,1.758,1.670,1.494,-1.406,2.373,-1.406,1.758,1.670,1.494,-1.143,1.758,1.582,1.670,2.021,1.970,7.850,7.680,7.500,7.940,7.590,7.320,-7.200,7.940,-2.280,7.850,7.590,6.990,-7.320,7.590,7.590,7.280,7.760,0.013,3.2,12.00,29.0
7.5605,5,0,move,-1,7.5605,7.5693,0,0.088,1.670,1.934,1.230,1.758,1.670,1.494,-1.406,2.373,-1.494,1.846,1.670,1.494,-1.230,1.758,1.582,1.670,2.021,2.170,9.350,9.180,9.000,9.440,9.090,8.820,-8.700,9.440,-3.110,9.350,9.090,7.440,-8.820,9.090,9.090,6.810,9.260,0.013,3.2,12.00,29.0
7.5872,6,0,move,-1,7.5872,7.5966,0,0.352,2.021,1.934,1.494,2.197,1.934,1.494,-1.758,2.373,-1.758,2.109,1.934,1.670,-1.670,2.109,2.021,1.934,2.021,2.380,10.850,10.680,10.500,10.940,10.590,10.320,-9.870,10.940,-2.610,10.850,10.590,7.590,-10.320,10.590,10.590,6.700,10.760,0.013,3.2,12.00,29.0
7.6269,7,0,move,-1,7.6269,7.6354,0,1.318,2.725,2.197,2.197,2.812,2.725,1.758,-2.461,2.725,-2.109,2.812,2.812,2.549,-2.373,2.812,2.812,2.637,2.637,2.410,12.350,12.180,12.000,12.440,12.090,10.680,-8.370,12.440,-2.340,12.350,12.090,7.670,-8.910,12.090,12.090,6.800,12.260,0.033,8.8,12.00,29.0
7.6671,8,0,move,-1,7.6671,7.6765,0,2.021,3.691,3.252,3.164,3.779,3.867,2.900,-3.428,3.164,-2.549,3.691,3.779,3.516,-3.340,4.043,3.779,3.516,3.516,2.610,13.470,13.680,12.130,13.940,13.590,10.730,-6.870,13.940,-1.870,13.850,13.590,7.820,-7.790,13.590,13.560,6.860,13.760,0.033,8.8,12.00,29.0
7.7071,9,0,move,-1,7.7071,7.7164,0,2.021,4.834,4.570,4.395,4.922,5.098,4.043,-4.658,4.395,-2.549,4.922,5.098,4.746,-4.570,5.098,5.186,4.658,4.746,2.750,13.540,15.180,11.870,15.280,15.090,10.680,-5.370,15.440,-1.400,14.700,15.090,7.870,-6.950,15.090,13.460,6.950,15.260,0.033,8.8,12.00,29.0
7.7471,10,0,move,-1,7.7471,7.7565,0,2.900,6.240,5.977,5.713,6.328,6.592,5.537,-5.801,5.977,-2.109,6.240,6.592,5.977,-5.801,6.592,6.592,5.537,6.064,2.850,13.650,16.680,11.590,15.540,16.590,10.570,-3.870,16.940,-1.070,15.420,16.590,7.760,-6.010,16.590,13.380,7.220,16.760,0.019,13.6,11.90,33.0
7.7869,11,0,move,-1,7.7869,7.7960,0,2.637,7.646,7.471,7.119,7.734,7.998,6.855,-6.504,7.471,-1.143,7.734,7.998,6.855,-6.768,8.086,8.086,6.328,7.471,2.930,13.720,18.180,11.130,15.600,18.090,10.370,-2.370,18.440,-0.590,15.960,18.090,7.480,-4.780,18.090,12.910,7.530,18.260,0.019,13.6,11.90,33.0
7.8272,12,0,move,-1,7.8272,7.8366,0,2.725,9.053,8.701,8.525,9.141,9.404,8.086,-6.855,8.789,-1.055,9.141,9.404,7.471,-7.383,9.492,9.404,6.855,8.877,2.960,13.780,19.680,10.460,15.830,19.590,9.950,-0.870,19.940,-0.150,16.600,19.590,6.960,-3.280,19.590,12.160,7.980,19.760,0.019,13.6,11.90,33.0
7.8671,13,0,move,-1,7.8671,7.8762,0,3.252,10.459,10.283,9.492,10.547,10.811,9.053,-6.943,10.283,-0.967,10.459,10.811,7.734,-7.559,10.986,10.723,7.295,10.195,2.940,13.980,21.180,9.500,16.130,21.090,9.330,0.630,21.440,0.350,17.260,21.090,6.150,-1.780,21.090,10.870,8.550,21.260,0.019,4.8,12.00,32.0
7.9071,14,0,move,-1,7.9071,7.9165,0,2.725,11.689,11.514,10.371,11.953,12.217,9.756,-6.504,11.689,0.000,11.953,12.217,7.646,-7.383,12.305,11.602,7.646,11.338,2.740,14.150,22.680,8.350,16.310,22.590,8.470,2.130,22.940,0.930,17.680,22.590,5.100,-0.280,22.590,9.370,9.210,22.760,0.019,4.8,12.00,32.0
7.9471,15,0,move,-1,7.9471,7.9562,0,2.549,12.656,12.920,10.986,13.359,13.711,10.107,-5.801,13.008,0.352,13.359,13.623,7.031,-6.943,13.799,12.305,8.262,13.096,2.390,14.210,24.180,6.960,16.260,24.090,7.420,3.630,24.440,1.470,17.800,24.090,3.950,1.220,24.090,7.870,9.810,24.260,0.019,4.8,12.00,32.0
7.9871,16,0,move,-1,7.9871,7.9963,0,2.812,13.447,14.502,11.162,14.414,15.117,10.107,-4.658,14.502,0.264,14.678,15.029,6.064,-5.977,15.205,12.744,8.525,14.414,1.770,13.980,25.680,5.460,15.890,25.590,6.190,5.130,25.940,2.040,17.490,25.590,2.770,2.720,25.590,6.370,10.480,25.760,0.026,9.2,12.00,30.0
8.0271,17,0,move,-1,8.0271,8.0364,0,2.021,13.887,15.820,11.162,15.293,16.611,10.107,-3.428,15.908,1.406,15.908,16.436,5.010,-4.746,16.611,12.744,8.965,15.820,0.930,13.350,27.180,3.960,15.020,27.090,4.910,6.630,27.440,2.590,16.530,27.090,1.950,4.220,27.090,4.870,11.060,27.260,0.026,9.2,12.00,30.0
8.0671,18,0,move,-1,8.0671,8.0764,0,2.021,13.975,17.314,10.986,15.908,17.930,9.141,-1.846,17.314,1.758,16.436,17.842,3.955,-3.340,18.018,12.217,9.668,17.227,0.240,12.710,28.680,2.460,14.230,28.590,3.860,8.130,28.940,2.880,15.600,28.590,1.580,5.720,28.590,3.370,11.630,28.760,0.026,9.2,12.00,30.0
8.1071,19,0,move,-1,8.1071,8.1161,0,1.230,13.887,18.721,9.932,16.084,19.336,7.998,-0.527,18.721,2.285,17.051,19.248,2.988,-1.934,19.512,11.338,10.195,18.633,-0.220,12.470,30.180,0.960,13.990,30.090,3.170,9.630,30.440,2.910,15.090,30.090,1.390,7.220,30.090,1.870,12.270,30.260,0.019,13.2,12.00,33.0
8.1471,20,0,move,-1,8.1471,8.1567,0,0.264,13.447,20.127,8.174,16.084,20.830,6.680,0.967,20.127,2.637,17.402,20.566,2.109,-0.527,20.830,10.371,10.723,19.951,-0.360,12.590,31.680,0.600,14.180,31.590,2.760,11.130,31.940,2.800,15.010,31.590,1.480,8.720,31.590,0.370,12.740,31.760,0.019,13.2,12.00,33.0
8.1870,21,0,move,-1,8.1870,8.1964,0,0.352,13.008,21.533,7.031,15.645,22.324,5.449,2.373,21.621,2.725,17.402,21.973,1.670,0.615,22.236,8.877,11.162,21.270,-0.360,13.120,33.180,0.610,14.640,33.090,2.650,12.630,33.440,2.520,15.220,33.090,1.630,10.220,33.090,-1.130,13.180,33.260,0.019,13.2,12.00,33.0
8.2271,22,0,move,-1,8.2271,8.2363,0,-0.703,12.920,22.939,5.977,15.029,23.730,4.395,3.779,23.027,2.637,16.963,23.467,1.494,2.109,23.555,7.559,11.689,22.588,-0.350,13.800,34.680,0.660,15.190,34.590,2.610,14.130,34.940,2.280,15.570,34.590,1.600,11.720,34.590,-1.310,13.600,34.760,0.039,18.0,11.90,32.0
8.2671,23,0,move,-1,8.2671,8.2762,0,-0.352,12.920,24.258,3.867,14.678,25.137,3.604,5.186,24.434,2.637,16.172,24.785,1.494,3.428,24.873,6.152,12.041,23.906,-0.320,14.460,36.180,0.730,15.740,36.090,2.550,15.630,36.440,2.060,16.000,36.090,1.560,13.220,36.090,-1.350,14.030,36.260,0.039,18.0,11.90,32.0
8.3071,24,0,move,-1,8.3071,8.3164,0,-0.352,12.656,25.664,2.812,14.678,26.543,3.076,6.592,25.840,2.197,15.645,26.191,1.494,4.658,26.191,4.834,12.393,25.225,-0.220,15.050,37.680,0.850,16.130,37.590,2.520,17.130,37.940,1.900,16.410,37.590,1.620,14.720,37.590,-1.400,14.470,37.760,0.039,18.0,11.90,32.0
8.3471,25,0,move,-1,8.3471,8.3564,0,-0.352,13.623,26.982,2.637,14.854,27.949,2.812,7.998,27.246,2.109,15.293,27.686,1.494,5.889,27.510,3.516,12.744,26.631,-0.260,15.560,39.180,0.930,16.350,39.090,2.680,18.630,39.440,1.810,16.550,39.090,1.480,16.220,39.090,-1.170,14.720,39.260,0.065,19.6,11.90,33.0
8.3871,26,0,move,-1,8.3871,8.3962,0,-0.352,14.150,28.301,1.318,15.381,29.268,2.725,9.404,28.652,1.846,15.205,29.092,1.494,7.031,28.828,2.021,13.008,27.949,-0.250,15.950,40.680,1.000,16.720,40.590,2.600,19.820,40.940,1.730,16.880,40.590,1.400,17.550,40.590,-1.150,15.090,40.760,0.065,19.6,11.90,33.0
8.4271,27,0,move,-1,8.4271,8.4364,0,-0.352,14.590,29.619,0.967,15.469,30.674,2.725,10.811,29.883,1.846,15.732,30.410,1.406,8.174,30.059,0.879,13.271,29.268,-0.150,16.390,42.180,1.210,16.920,42.090,2.820,19.930,42.440,1.660,17.000,42.090,1.530,17.650,42.090,-0.870,15.210,42.260,0.065,19.6,11.90,33.0
8.4671,28,0,move,-1,8.4671,8.4762,0,-0.352,15.117,31.025,0.967,16.084,32.080,2.725,12.217,31.289,1.758,16.084,31.729,1.406,9.404,31.377,0.088,13.447,30.586,0.020,16.810,43.680,1.410,17.220,43.590,3.060,20.150,43.940,1.560,17.270,43.590,1.690,17.790,43.590,-0.530,15.380,43.760,0.227,19.6,11.90,29.0
8.5071,29,0,move,-1,8.5071,8.5164,0,-0.352,15.469,32.432,0.967,16.436,33.486,2.725,13.623,32.695,1.758,16.348,32.959,1.318,10.547,32.607,-0.527,13.623,31.904,0.150,17.170,45.180,1.550,17.550,45.090,3.210,20.470,45.440,1.460,17.560,45.090,1.790,18.000,45.090,-0.250,15.600,45.260,0.227,19.6,11.90,29.0
8.5471,30,0,move,-1,8.5471,8.5568,0,-0.088,15.820,33.750,1.055,16.611,34.805,2.549,14.941,34.102,1.582,16.348,34.365,1.670,11.865,34.014,-0.703,13.711,33.311,0.330,17.450,46.680,1.710,17.790,46.590,3.380,20.600,46.940,1.360,17.770,46.590,1.920,18.040,46.590,0.110,15.750,46.760,0.227,19.6,11.90,29.0
8.5871,31,0,move,-1,8.5871,8.5966,0,0.088,16.084,35.156,1.318,16.875,36.123,2.812,16.172,35.332,1.406,16.611,35.859,1.670,13.184,35.420,-0.439,13.799,34.805,0.430,17.680,48.180,1.820,18.040,48.090,3.530,20.980,48.440,1.270,17.990,48.090,1.950,18.320,48.090,0.450,15.970,48.260,0.201,22.0,11.70,29.0
8.6269,32,0,move,-1,8.6269,8.6361,0,0.176,16.260,36.475,1.406,17.051,37.441,2.988,17.227,36.650,1.318,16.875,37.090,1.846,14.326,36.650,-0.088,13.887,36.123,0.470,17.790,49.680,1.840,18.200,49.590,3.520,21.250,49.940,1.230,18.140,49.590,1.930,18.510,49.590,0.650,16.220,49.760,0.201,22.0,11.70,29.0
8.6671,33,0,move,-1,8.6671,8.6764,0,0.352,16.436,37.793,1.582,17.139,38.848,3.164,18.369,37.881,1.318,16.963,38.496,1.846,15.117,38.057,0.352,14.238,37.529,0.490,17.840,51.180,1.860,18.320,51.090,3.490,21.480,51.440,1.210,18.290,51.090,1.930,18.670,51.090,0.790,16.460,51.260,0.201,22.0,11.70,29.0
8.7071,34,0,move,-1,8.7071,8.7162,0,0.264,16.523,39.199,1.582,17.139,40.254,3.252,19.072,39.199,1.318,17.139,39.902,1.846,15.820,39.375,0.615,14.414,38.848,0.550,17.970,52.680,1.910,18.480,52.590,3.500,21.810,52.940,1.170,18.440,52.590,1.980,18.930,52.590,0.880,16.700,52.760,0.396,23.6,11.80,29.0
8.7471,35,0,move,-1,8.7471,8.7564,0,0.439,16.523,40.518,1.670,17.139,41.572,3.252,19.688,40.430,1.318,17.139,41.221,1.846,16.084,40.693,0.791,14.590,40.254,0.650,18.080,54.180,1.970,18.580,54.090,3.550,21.980,54.440,1.160,18.520,54.090,2.070,19.030,54.090,1.020,16.830,54.260,0.396,23.6,11.80,29.0
8.7871,36,0,move,-1,8.7871,8.7964,0,0.439,16.523,41.924,1.758,17.139,42.891,3.252,20.039,41.660,1.318,17.139,42.627,1.934,16.348,42.100,0.791,14.590,41.484,0.750,18.140,55.680,2.010,18.640,55.590,3.560,22.170,55.940,1.130,18.580,55.590,2.160,19.150,55.590,1.150,16.940,55.760,0.396,23.6,11.80,29.0
8.8271,37,0,move,-1,8.8271,8.8363,0,0.527,16.611,43.242,1.758,17.139,44.297,3.252,20.303,42.979,1.318,17.227,43.945,2.021,16.523,43.506,0.967,14.590,42.891,0.780,18.120,57.180,1.990,18.630,57.090,3.530,22.360,57.440,1.120,18.610,57.090,2.160,19.310,57.090,1.210,17.090,57.260,0.403,24.8,11.60,30.0
8.8671,38,0,move,-1,8.8671,8.8762,0,0.703,16.611,44.561,1.846,17.051,45.615,3.252,20.479,44.297,1.318,17.227,45.352,2.109,16.523,44.824,1.143,14.590,44.297,0.770,18.090,58.680,1.980,18.620,58.590,3.480,22.560,58.940,1.120,18.630,58.590,2.120,19.500,58.590,1.260,17.230,58.760,0.403,24.8,11.60,30.0
8.9071,39,0,move,-1,8.9071,8.9164,0,0.615,16.611,45.879,1.846,17.051,46.934,3.252,20.479,45.527,1.318,17.227,46.670,2.109,16.787,46.318,1.143,14.854,45.703,0.850,18.110,60.180,1.980,18.620,60.090,3.470,22.630,60.440,1.120,18.620,60.090,2.180,19.500,60.090,1.330,17.280,60.260,0.403,24.8,11.60,30.0
8.9471,40,0,move,-1,8.9471,8.9562,0,0.703,16.611,47.285,1.934,17.051,48.340,3.252,20.479,46.846,1.318,17.227,48.076,2.109,16.875,47.637,1.143,15.029,46.934,0.880,17.990,61.680,1.990,18.560,61.590,3.500,22.500,61.940,1.130,18.610,61.590,2.260,19.380,61.590,1.410,17.340,61.760,0.429,23.6,11.60,30.0
8.9871,41,0,move,-1,8.9871,8.9964,0,0.791,16.611,48.691,2.021,16.963,49.658,3.252,20.479,48.252,1.318,17.227,49.395,2.109,16.875,49.043,1.318,15.117,48.340,0.890,17.950,62.620,1.990,18.480,63.090,3.510,22.510,63.440,1.150,18.540,63.090,2.250,19.350,63.090,1.510,17.320,63.260,0.429,23.6,11.60,30.0
9.0271,42,0,move,-1,9.0271,9.0364,0,0.703,16.611,50.098,2.109,16.963,50.977,3.252,20.391,49.482,1.318,17.227,50.801,2.109,16.875,50.449,1.406,15.117,49.746,0.890,17.860,62.700,1.980,18.410,64.590,3.530,22.480,64.940,1.170,18.500,64.590,2.250,19.310,64.590,1.610,17.360,64.760,0.429,23.6,11.60,30.0
9.0669,43,0,move,-1,9.0669,9.0760,0,0.703,16.611,51.416,2.197,16.875,52.295,3.252,20.391,50.713,1.318,17.227,52.207,2.109,16.875,51.943,1.406,15.117,51.152,0.830,17.750,62.890,1.930,18.360,66.090,3.440,22.550,66.440,1.210,18.490,66.090,2.200,19.380,66.090,1.580,17.470,66.260,0.344,20.0,11.50,31.0
9.1069,44,0,move,-1,9.1069,9.1162,0,0.615,16.523,52.734,2.197,16.875,53.525,3.252,20.391,51.943,1.318,17.227,53.525,2.021,16.875,53.262,1.494,15.117,52.471,0.830,17.680,62.980,1.920,18.300,67.590,3.440,22.520,67.940,1.230,18.460,67.590,2.200,19.330,67.590,1.610,17.510,67.760,0.344,20.0,11.50,31.0
9.1471,45,0,move,-1,9.1471,9.1567,0,0.703,16.523,54.053,2.197,16.875,54.932,3.252,20.303,53.262,1.406,17.227,54.932,2.021,16.875,54.668,1.494,15.117,53.877,0.800,17.610,63.130,1.890,18.220,69.090,3.410,22.530,69.440,1.250,18.420,69.090,2.160,19.350,69.090,1.650,17.570,69.260,0.344,20.0,11.50,31.0
9.1872,46,0,move,-1,9.1872,9.1975,0,0.615,16.523,55.459,2.109,16.787,56.338,3.252,20.303,54.668,1.406,17.227,56.338,2.109,16.875,56.074,1.494,15.117,55.195,0.740,17.480,63.350,1.820,18.150,70.590,3.320,22.530,70.940,1.300,18.410,70.590,2.110,19.370,70.590,1.560,17.680,70.760,0.435,23.2,11.60,30.0
9.2273,47,0,move,-1,9.2273,9.2367,0,0.615,16.523,56.953,2.109,16.787,57.744,3.252,20.303,56.074,1.406,17.227,57.744,2.109,16.875,57.480,1.494,15.117,56.602,0.680,17.360,63.500,1.780,18.070,72.050,3.270,22.490,72.440,1.330,18.390,72.090,2.070,19.350,72.090,1.550,17.740,72.260,0.435,23.2,11.60,30.0
9.2671,48,0,move,-1,9.2671,9.2765,0,0.527,16.523,58.359,2.197,16.787,59.150,3.252,20.303,57.568,1.494,17.227,59.150,2.109,16.875,58.975,1.406,15.117,58.008,0.620,17.270,63.700,1.720,18.000,72.250,3.190,22.550,73.940,1.370,18.380,73.230,2.000,19.440,73.590,1.480,17.820,73.760,0.435,23.2,11.60,30.0
9.3071,49,0,move,-1,9.3071,9.3164,0,0.439,16.523,59.678,2.197,16.787,60.645,3.252,20.303,58.975,1.494,17.227,60.732,2.109,16.875,60.557,1.318,15.117,59.502,0.580,17.190,63.900,1.680,17.940,72.420,3.120,22.600,75.440,1.400,18.380,73.310,1.970,19.490,75.090,1.410,17.880,75.260,0.357,24.0,11.50,30.0
9.3471,50,0,move,-1,9.3471,9.3565,0,0.615,16.523,60.732,2.021,16.787,62.051,3.252,20.303,60.469,1.494,17.227,62.227,2.109,16.875,62.051,1.318,15.117,60.996,0.530,17.090,63.990,1.660,17.860,72.490,3.100,22.510,76.940,1.430,18.340,73.280,1.940,19.430,76.590,1.430,17.890,75.170,0.357,24.0,11.50,30.0
9.3871,51,0,move,-1,9.3871,9.3965,0,0.615,16.523,61.611,2.021,16.787,63.633,3.252,20.303,61.963,1.494,17.227,63.721,2.021,16.963,63.633,1.318,15.469,62.490,0.520,17.030,64.090,1.630,17.770,72.610,3.090,22.450,78.440,1.450,18.300,73.320,1.910,19.390,78.090,1.470,17.880,75.150,0.357,24.0,11.50,30.0
9.4271,52,0,move,-1,9.4271,9.4362,0,0.615,16.523,62.314,2.021,16.787,65.127,3.252,20.303,63.457,1.494,17.227,65.127,2.021,16.963,65.039,1.318,15.557,63.896,0.440,16.910,64.280,1.590,17.700,72.730,3.020,22.450,79.940,1.470,18.310,73.290,1.840,19.450,79.590,1.450,17.940,75.080,0.409,23.2,11.50,30.0
9.4669,53,0,move,-1,9.4669,9.4762,0,0.615,16.523,62.666,2.021,16.787,66.533,3.252,20.303,64.951,1.494,17.227,66.621,1.934,16.963,66.445,1.318,15.557,65.215,0.410,16.850,64.410,1.550,17.670,72.820,2.960,22.510,81.440,1.490,18.330,73.300,1.820,19.490,81.090,1.410,17.980,75.110,0.409,23.2,11.50,30.0
9.5071,54,0,move,-1,9.5071,9.5165,0,0.527,16.523,62.930,2.021,16.787,67.852,3.252,20.303,66.357,1.494,17.227,67.939,1.934,16.963,67.764,1.318,15.557,66.621,0.360,16.790,64.450,1.540,17.600,72.940,2.940,22.510,82.940,1.500,18.310,73.330,1.760,19.560,82.590,1.440,17.970,75.050,0.409,23.2,11.50,30.0
9.5471,55,0,move,-1,9.5471,9.5564,0,0.527,16.523,63.105,2.021,16.787,69.082,3.252,20.303,67.676,1.494,17.227,69.346,1.758,16.963,69.170,1.318,15.557,67.939,0.330,16.720,64.560,1.510,17.580,72.960,2.900,22.510,84.440,1.510,18.330,73.290,1.780,19.560,84.090,1.380,18.020,75.050,0.474,24.8,11.70,30.0
9.5871,56,0,move,-1,9.5871,9.5965,0,0.439,16.523,63.105,2.021,16.787,70.049,3.252,20.303,69.082,1.494,17.227,70.664,1.758,16.963,70.576,1.230,15.557,69.346,0.220,16.690,64.610,1.500,17.550,73.180,2.840,22.640,85.940,1.490,18.340,73.420,1.680,19.810,85.030,1.360,18.040,75.010,0.474,24.8,11.70,30.0
9.6271,57,0,move,-1,9.6271,9.6365,0,0.439,16.523,63.281,1.934,16.699,70.840,3.252,20.303,70.400,1.494,17.227,71.543,1.758,16.963,72.070,1.230,15.557,70.576,0.290,16.730,64.730,1.520,17.510,73.370,2.920,22.710,87.440,1.480,18.290,73.670,1.720,19.830,85.270,1.470,17.980,75.120,0.474,24.8,11.70,30.0
9.6671,58,0,move,-1,9.6671,9.6764,0,0.439,16.523,63.281,1.934,16.699,71.367,3.164,20.303,71.895,1.494,17.314,72.334,1.758,16.963,73.652,1.230,15.557,71.631,0.170,16.630,64.950,1.440,17.570,73.520,2.820,22.970,88.540,1.460,18.390,73.740,1.680,20.120,85.350,1.370,18.090,75.210,0.520,27.2,11.50,30.0
9.7071,59,0,move,-1,9.7071,9.7165,0,0.264,16.348,63.457,1.934,16.699,71.895,3.164,20.303,73.389,1.494,17.402,72.949,1.758,16.963,75.146,1.230,15.557,72.598,0.180,16.680,65.020,1.470,17.570,73.710,2.900,23.090,88.700,1.410,18.370,73.980,1.650,20.250,85.530,1.550,18.040,75.260,0.520,27.2,11.50,30.0
9.7471,60,0,move,-1,9.7471,9.7564,0,0.264,16.260,63.809,1.846,16.699,72.158,3.164,20.303,74.795,1.494,17.578,73.301,1.758,17.666,76.641,1.318,15.557,73.125,0.120,16.680,65.370,1.460,17.630,74.100,2.860,23.430,88.890,1.360,18.430,74.360,1.600,20.620,85.750,1.520,18.140,75.460,0.520,27.2,11.50,30.0
9.7871,61,0,move,-1,9.7871,9.7963,0,0.176,16.260,64.072,1.846,16.699,72.422,3.076,20.303,76.113,1.406,17.666,73.652,1.758,17.930,77.959,1.318,15.557,73.477,0.100,16.700,65.740,1.430,17.700,74.390,2.870,23.710,89.050,1.320,18.520,74.630,1.600,20.900,86.070,1.530,18.260,75.570,0.520,29.2,11.40,31.0
9.8271,62,0,move,-1,9.8271,9.8364,0,0.264,16.260,64.336,1.846,16.699,72.773,3.076,20.566,77.432,1.318,17.666,73.916,1.670,17.930,79.453,1.318,15.557,73.740,0.030,16.740,65.980,1.420,17.780,74.780,2.800,24.140,89.230,1.270,18.600,75.000,1.500,21.360,86.200,1.460,18.360,75.780,0.520,29.2,11.40,31.0
9.8671,63,0,move,-1,9.8671,9.8762,0,0.000,16.260,64.600,1.846,16.699,73.037,3.076,20.830,78.750,1.318,17.754,74.355,1.670,17.930,80.771,1.318,15.557,73.916,0.030,16.740,66.280,1.400,17.830,74.970,2.820,24.300,89.370,1.250,18.660,75.200,1.530,21.480,86.470,1.460,18.460,75.840,0.520,29.2,11.40,31.0
9.9071,64,0,move,-1,9.9071,9.9162,0,0.088,16.260,64.775,1.758,16.699,73.301,3.076,20.830,80.156,1.318,18.105,74.619,1.582,17.930,82.090,1.318,15.908,73.916,-0.010,16.760,66.550,1.370,17.880,75.300,2.790,24.560,89.550,1.220,18.710,75.500,1.460,21.780,86.590,1.430,18.560,75.990,0.793,32.4,11.30,31.0
9.9471,65,0,move,-1,9.9471,9.9564,0,0.088,16.260,65.127,1.758,16.699,73.652,3.076,20.830,81.562,1.318,18.105,74.971,1.582,17.930,83.232,1.318,15.996,73.916,-0.040,16.770,66.810,1.350,17.950,75.510,2.730,24.780,89.640,1.200,18.800,75.660,1.460,21.990,86.750,1.350,18.680,76.070,0.793,32.4,11.30,31.0
9.9871,66,0,move,-1,9.9871,9.9962,0,0.088,16.260,65.391,1.758,16.699,73.916,3.076,20.830,82.969,1.230,18.193,75.234,1.494,17.930,84.111,1.230,15.996,74.268,-0.020,16.780,66.920,1.350,17.980,75.520,2.730,24.790,89.690,1.200,18.830,75.680,1.500,21.950,86.900,1.360,18.740,76.060,0.793,32.4,11.30,31.0
