time/total_timesteps,rollout/ep_rew_mean,time/iterations,rollout/ep_len_mean,time/time_elapsed,time/fps,train/approx_kl,train/learning_rate,train/std,train/explained_variance,train/clip_range,train/clip_fraction,train/entropy_loss,train/value_loss,train/n_updates,train/policy_gradient_loss,train/loss
32768,922.7527465820312,1,800.0,5,5524,,,,,,,,,,,
65536,871.8611450195312,2,800.0,12,5164,0.0262154,0.00015,0.18257077038288116,0.02261042594909668,0.2,0.3522542317708333,5.911505288134019,0.12460720618158423,6,0.0009295716372434981,0.0168442539870739
98304,872.8877563476562,3,800.0,19,5061,0.024777636,0.00015,0.1823662966489792,0.7528567910194397,0.2,0.3287150065104167,5.932037640362978,0.02728911879239604,12,0.002385327280232256,0.00921062845736742
131072,906.64208984375,4,800.0,25,5042,0.024255253,0.00015,0.18243105709552765,0.8445073366165161,0.2,0.3330485026041667,5.9330237830678625,0.025364130502566695,18,0.0008991917372137929,4.798825830221176e-05
163840,926.5311889648438,5,798.0,32,5044,0.025637835,0.00015,0.18227621912956238,0.8643357753753662,0.2,0.3408610026041667,5.944655764847994,0.02758640293905046,24,0.0012887132003622053,1.6573816537857056e-05
196608,938.8604736328125,6,798.0,39,5005,0.026172241,0.00015,0.18220515549182892,0.8832801580429077,0.2,0.3389333089192708,5.953453958034515,0.025519011479142744,30,0.00016922941722441465,-0.0007262751460075378
229376,889.3738403320312,7,800.0,45,4990,0.024225805,0.00015,0.1821301281452179,0.8951660394668579,0.2,0.3325347900390625,5.963749743998051,0.03185347481242692,36,-0.00019624720728946463,0.004513750784099102
262144,893.103515625,8,800.0,52,4987,0.026008656,0.00015,0.18208888173103333,0.925937831401825,0.2,0.34344482421875,5.970066623141368,0.03145744401748137,42,-0.0009200683480230509,0.010825426317751408
294912,914.3153076171875,9,800.0,59,4992,0.028103786,0.00015,0.1819501668214798,0.913195788860321,0.2,0.3514149983723958,5.981928793092568,0.03372716701414902,48,-0.0015905299951555207,0.007266108877956867
327680,922.435791015625,10,798.0,65,4994,0.026535623,0.00015,0.18169352412223816,0.9130210280418396,0.2,0.3398234049479167,6.008424791196982,0.03211321272344018,54,0.0002783394756988855,0.024946799501776695
360448,901.3699951171875,11,798.0,72,4983,0.026489317,0.00015,0.18165051937103271,0.9208900928497314,0.2,0.3417205810546875,6.020387264589469,0.03272137793343669,60,-0.0001795909253511733,0.021160293370485306
393216,898.640869140625,12,798.0,78,4981,0.027367257,0.00015,0.18160660564899445,0.9342057704925537,0.2,0.3498077392578125,6.027118033419053,0.037231533885157354,66,-0.001217279264286238,0.011202944442629814
425984,893.093994140625,13,800.0,85,4981,0.025146673,0.00015,0.1813146322965622,0.9432014226913452,0.2,0.3328297932942708,6.048977896571159,0.03211795325720838,72,0.0012901193331344984,0.03572791814804077
458752,926.711669921875,14,800.0,92,4976,0.02877369,0.00015,0.18125276267528534,0.9379151463508606,0.2,0.3538462320963542,6.067365126063426,0.03354210474450762,78,-0.002105761230874729,0.029186081141233444
491520,921.8934326171875,15,800.0,98,4978,0.02780886,0.00015,0.1810571849346161,0.9427090883255005,0.2,0.3529154459635417,6.08415994917353,0.032267432931500174,84,-0.0017720912337608752,0.011658871546387672
524288,925.8735961914062,16,800.0,105,4978,0.027518326,0.00015,0.1809392124414444,0.9315387010574341,0.2,0.3567911783854167,6.098683765778939,0.031673193123424426,90,-0.0008967746938045215,0.010544868186116219
557056,919.0093994140625,17,800.0,111,4976,0.028622221,0.00015,0.1809241622686386,0.9301500916481018,0.2,0.3546193440755208,6.110558583090703,0.03184735748315385,96,-0.00016630885329504963,0.011645117774605751
589824,896.0419311523438,18,800.0,118,4972,0.029512368,0.00015,0.18064212799072266,0.9292483925819397,0.2,0.3625691731770833,6.1251107814411325,0.03238931770223038,102,-0.0026030141859033997,0.011876454576849937
622592,884.2713012695312,19,800.0,125,4971,0.029665453,0.00015,0.18058645725250244,0.9425241351127625,0.2,0.3610890706380208,6.144406348466873,0.031170678848866373,108,-0.0026410824872679464,0.011493190191686153
655360,882.8269653320312,20,800.0,131,4970,0.029082486,0.00015,0.18060939013957977,0.942621648311615,0.2,0.3556467692057292,6.147205737729867,0.031593233895061225,114,-0.0024701291798313227,0.0007981173694133759
688128,900.148193359375,21,800.0,138,4970,0.029391218,0.00015,0.18057435750961304,0.9389773011207581,0.2,0.3677622477213542,6.147093536953132,0.0421599962428445,120,-0.001629437850472944,0.0326172299683094
720896,888.5390014648438,22,800.0,145,4970,0.029764485,0.00015,0.18036818504333496,0.9377013444900513,0.2,0.3649546305338542,6.161872858802478,0.037796098840772174,126,-0.0009904360437455277,0.014348514378070831
753664,896.5028686523438,23,798.0,151,4971,0.030132167,0.00015,0.18043239414691925,0.9273605942726135,0.2,0.3620351155598958,6.1690668836236,0.0420490299196293,132,-0.001698465702550796,0.024829113855957985
786432,903.7557983398438,24,798.0,158,4973,0.03118857,0.00015,0.18025843799114227,0.9307940006256104,0.2,0.3676706949869792,6.179463518162568,0.03417116960918065,138,-0.0028089451043342706,-0.00032833218574523926
819200,889.0977172851562,25,800.0,164,4971,0.031906933,0.00015,0.1801786720752716,0.9266024231910706,0.2,0.3741556803385417,6.192968423167865,0.03879149098550746,144,-0.0029071549591511334,0.018182747066020966
851968,890.0682983398438,26,800.0,171,4972,0.031480223,0.00015,0.1802290976047516,0.9357167482376099,0.2,0.3734385172526042,6.1896815585593385,0.0385023915975277,150,-0.002556086180751057,-0.0017216112464666367
884736,905.946533203125,27,800.0,177,4975,0.029888734,0.00015,0.18005630373954773,0.9263253211975098,0.2,0.3725535074869792,6.20283596093456,0.03683056257917391,156,-0.0027041763672362626,0.00395403616130352
917504,908.8284301757812,28,800.0,184,4973,0.031077426,0.00015,0.17986547946929932,0.9374661445617676,0.2,0.36700439453125,6.224697886655728,0.038423100020736456,162,-0.003515415999572724,0.013636551797389984
950272,874.2117309570312,29,798.0,191,4970,0.030334983,0.00015,0.1796501874923706,0.9374301433563232,0.2,0.3568064371744792,6.244432897617419,0.03172733189421706,168,-0.0031610241033680118,0.006613931152969599
983040,856.9099731445312,30,798.0,197,4972,0.031533614,0.00015,0.17947708070278168,0.9396591782569885,0.2,0.3725433349609375,6.2706504960854845,0.035565784264084264,174,-0.003406126017580391,0.010115053504705429
1015808,858.5128784179688,31,800.0,204,4972,0.031874374,0.00015,0.1794394850730896,0.9377608895301819,0.2,0.372100830078125,6.28184129173557,0.035838166149915196,180,-0.002895465286807545,0.008455021306872368
1048576,887.964111328125,32,800.0,210,4973,0.032373473,0.00015,0.17942185699939728,0.9387040138244629,0.2,0.3781483968098958,6.284615344057481,0.03889954033851003,186,-0.003040210262649149,0.010784879326820374
1081344,916.866943359375,33,800.0,217,4976,0.03168641,0.00015,0.17942866683006287,0.9342136383056641,0.2,0.3693491617838542,6.278355583548546,0.03639692559469646,192,-0.003629859518696321,0.009572375565767288
1114112,922.9736938476562,34,800.0,223,4975,0.03181351,0.00015,0.1793658286333084,0.9322217702865601,0.2,0.3723602294921875,6.285146111001571,0.03364014932594728,198,-0.002578685562487711,0.01472247950732708
1146880,920.5828857421875,35,800.0,230,4975,0.031834222,0.00015,0.1792837381362915,0.9457371234893799,0.2,0.375152587890625,6.2960000410676,0.03507805764578128,204,-0.0018875615957464713,0.007650355808436871
1179648,898.1239013671875,36,792.0,237,4977,0.033052295,0.00015,0.17927062511444092,0.9350637793540955,0.2,0.3712921142578125,6.301307472089927,0.038876553255249746,210,-0.004110437007814956,0.004611430689692497
1212416,914.0228881835938,37,792.0,243,4978,0.033281792,0.00015,0.1792723387479782,0.9363890886306763,0.2,0.3801422119140625,6.2991157459716005,0.035990833586159475,216,-0.0037374682985197674,0.01248462125658989
1245184,890.9291381835938,38,796.0,250,4977,0.03201049,0.00015,0.17924606800079346,0.9365108013153076,0.2,0.3707326253255208,6.305412100007136,0.03647774052903211,222,-0.003686707973126128,0.013559969142079353
1277952,897.483154296875,39,800.0,256,4980,0.033054724,0.00015,0.17931070923805237,0.9417895078659058,0.2,0.3772939046223958,6.300040307144324,0.0337995403072758,228,-0.0026810686770962397,0.012698207050561905
1310720,927.8004150390625,40,800.0,263,4982,0.034251392,0.00015,0.17934197187423706,0.9356746673583984,0.2,0.3823649088541667,6.293393379698197,0.03757427407739063,234,-0.002763899172350648,0.023310711607336998
1343488,919.6242065429688,41,800.0,269,4983,0.033046503,0.00015,0.1791316270828247,0.9329778552055359,0.2,0.3831583658854167,6.306925855576992,0.03215460793095796,240,-0.0024563563135113022,-0.00393325462937355
1376256,915.79931640625,42,800.0,276,4984,0.034371987,0.00015,0.17892701923847198,0.9384406805038452,0.2,0.3784637451171875,6.335502408444881,0.03735652159957681,246,-0.0039298712163144955,-0.0013038795441389084
1409024,916.3621826171875,43,800.0,282,4984,0.034741018,0.00015,0.1789274960756302,0.9206110239028931,0.2,0.38555908203125,6.33875846862793,0.03281539552699542,252,-0.00366645991440843,-0.008060546591877937
1441792,929.6539306640625,44,800.0,289,4985,0.034552507,0.00015,0.17906716465950012,0.9335371851921082,0.2,0.3842926025390625,6.330044270803531,0.03567218997826179,258,-0.0034670854432382234,0.010885024443268776
1474560,932.773681640625,45,800.0,295,4983,0.034239024,0.00015,0.17883557081222534,0.9398707151412964,0.2,0.3803304036458333,6.34084618712465,0.027171201894816477,264,-0.004677551514760125,-0.0029723793268203735
1507328,919.780517578125,46,800.0,302,4985,0.033600394,0.00015,0.17885763943195343,0.940697193145752,0.2,0.3807729085286458,6.350329457471768,0.03299938938774479,270,-0.0038653659212286584,0.006983857601881027
1540096,916.9728393554688,47,796.0,308,4987,0.032974962,0.00015,0.17901435494422913,0.9434554576873779,0.2,0.3749898274739583,6.338341260949771,0.03234432951042739,276,-0.0037427891711558914,0.0028215330094099045
1572864,925.97216796875,48,792.0,315,4986,0.033520132,0.00015,0.17883159220218658,0.9455324411392212,0.2,0.3821563720703125,6.345064550638199,0.029643032922952745,282,-0.003201505299027,0.01409534178674221
1605632,915.1138916015625,49,792.0,321,4987,0.03526771,0.00015,0.1786436140537262,0.9350458979606628,0.2,0.3941497802734375,6.367387019097805,0.03819483892584685,288,-0.003059151165264969,0.02093498967587948
1638400,895.4320068359375,50,792.0,328,4989,0.032662585,0.00015,0.17848636209964752,0.9426188468933105,0.2,0.3774973551432292,6.391021420558293,0.03483649098780006,294,-0.0027857754563835138,0.014551953412592411
1671168,909.6026000976562,51,800.0,334,4990,0.032608032,0.00015,0.1786399930715561,0.9400569796562195,0.2,0.3883717854817708,6.386828324447076,0.034881328649741285,300,-0.0031414157529070508,0.02173450216650963
1703936,885.9671630859375,52,800.0,341,4990,0.03532828,0.00015,0.17863218486309052,0.9336250424385071,0.2,0.3886057535807292,6.379313409328461,0.02882979726806904,306,-0.0044068835723010125,0.0059938011690974236
1736704,887.1914672851562,53,796.0,348,4990,0.035955723,0.00015,0.17854687571525574,0.9384775161743164,0.2,0.3958791097005208,6.382838603109121,0.03576515105669387,312,-0.003334994904435007,0.010104527696967125
1769472,917.7261962890625,54,796.0,354,4990,0.03662888,0.00015,0.17850524187088013,0.933176577091217,0.2,0.3921152750651042,6.395445258667071,0.035162456183267445,318,-0.003306589806015836,0.020062921568751335
1802240,946.1812744140625,55,796.0,360,4992,0.034147788,0.00015,0.17845842242240906,0.9420396089553833,0.2,0.3791910807291667,6.397283931573232,0.025220040210115258,324,-0.0028756605303594065,0.004239887930452824
1835008,946.631103515625,56,800.0,367,4992,0.035602365,0.00015,0.1783611923456192,0.9325811266899109,0.2,0.3882242838541667,6.406134823958079,0.028396887976365786,330,-0.003942098522505451,0.001331128180027008
1867776,906.6183471679688,57,800.0,374,4991,0.03397343,0.00015,0.1781996786594391,0.9412418007850647,0.2,0.3837229410807292,6.426209015150865,0.02548082038022888,336,-0.0032710559110758672,-0.00402065459638834
1900544,881.7907104492188,58,800.0,380,4991,0.035431914,0.00015,0.17826054990291595,0.9409552216529846,0.2,0.39239501953125,6.4220545291900635,0.031242408964317292,342,-0.005051413409091765,0.018418140709400177
1933312,908.2974243164062,59,800.0,387,4991,0.036000133,0.00015,0.17811319231987,0.9413659572601318,0.2,0.3962453206380208,6.430401050796111,0.03085548905801261,348,-0.004402732571179513,-0.004359027370810509
1966080,920.3355712890625,60,800.0,393,4991,0.035817504,0.00015,0.1780681163072586,0.9380277991294861,0.2,0.3910624186197917,6.44691189751029,0.03589915850898251,354,-0.0028473438493771632,0.011051705107092857
1998848,937.6314086914062,61,800.0,400,4992,0.033714198,0.00015,0.17789077758789062,0.9340047240257263,0.2,0.3860982259114583,6.460305123279492,0.029859389086292747,360,-0.0033077117004722822,0.008155603893101215
2031616,916.9768676757812,62,800.0,406,4991,0.03607744,0.00015,0.1777820736169815,0.9375230073928833,0.2,0.395416259765625,6.478954881429672,0.030039845291563932,366,-0.003160605928618073,0.00503492821007967
2064384,913.7676391601562,63,800.0,413,4992,0.039338373,0.00015,0.1778457760810852,0.9371852874755859,0.2,0.4013926188151042,6.475960096965234,0.03462767711122675,372,-0.0028714896288875025,-0.0009913966059684753
2097152,937.842041015625,64,800.0,420,4992,0.0364602,0.00015,0.17763282358646393,0.9435377717018127,0.2,0.3953857421875,6.486350033432245,0.031014250276105788,378,-0.0038221915638132486,-0.0019240379333496094
2129920,921.195556640625,65,800.0,426,4992,0.037189208,0.00015,0.17743869125843048,0.938003420829773,0.2,0.4067789713541667,6.5139656240741415,0.03423427231609821,384,-0.0018006616858959508,0.00822052825242281
2162688,912.2296142578125,66,800.0,433,4993,0.03774919,0.00015,0.177569180727005,0.9369348883628845,0.2,0.4103190104166667,6.513371250281732,0.03363176116545219,390,-0.004185155455464458,0.013759948313236237
2195456,946.669189453125,67,800.0,439,4994,0.037585743,0.00015,0.1773352175951004,0.9293166399002075,0.2,0.4065144856770833,6.520972676575184,0.03359653188090306,396,-0.0034327256047011665,0.005524402484297752
2228224,964.464599609375,68,800.0,446,4996,0.037626777,0.00015,0.17746105790138245,0.9363840222358704,0.2,0.4080810546875,6.525870730479558,0.034030168700458795,402,-0.0019899146782336175,-0.0026466064155101776
2260992,956.89306640625,69,800.0,452,4996,0.036828015,0.00015,0.17722034454345703,0.9391230344772339,0.2,0.3941446940104167,6.537852308402459,0.02792244838443973,408,-0.002644650147582676,0.0059534162282943726
2293760,917.9411010742188,70,800.0,459,4997,0.038278587,0.00015,0.17706066370010376,0.9376498460769653,0.2,0.4095408121744792,6.557838836063941,0.02857592982521358,414,-0.003957009885198204,-0.0032478412613272667
2326528,938.5438842773438,71,800.0,465,4999,0.038448703,0.00015,0.17707963287830353,0.9414716958999634,0.2,0.4110514322916667,6.568890472253163,0.03240092626947444,420,-0.0036528499513224233,-0.0061967633664608
2359296,927.7050170898438,72,800.0,471,4998,0.036552593,0.00015,0.1768304705619812,0.9378258585929871,0.2,0.4011891682942708,6.578649132202069,0.027092600597825367,426,-0.0038199984295109366,0.005646094214171171
2392064,924.5921020507812,73,796.0,478,4999,0.038365692,0.00015,0.17691057920455933,0.9309115409851074,0.2,0.4086354573567708,6.588972882678111,0.03566004030775124,432,-0.004246935025851902,0.02016572095453739
2424832,914.9718017578125,74,796.0,484,5000,0.03936427,0.00015,0.17687009274959564,0.9447692036628723,0.2,0.4140116373697917,6.589370436966419,0.0339234094232476,438,-0.00417768622598184,0.020607484504580498
2457600,905.01123046875,75,800.0,491,4999,0.03883901,0.00015,0.17663368582725525,0.9341272115707397,0.2,0.4060465494791667,6.603861375401418,0.03282232807153681,444,-0.0025521190345898503,0.016535604372620583
2490368,896.7592163085938,76,798.0,498,4998,0.037210338,0.00015,0.17655137181282043,0.9422235488891602,0.2,0.403472900390625,6.622767957548301,0.031235362723236904,450,-0.0030520770906150574,0.0027902107685804367
2523136,907.6144409179688,77,798.0,508,4962,0.03852074,0.00015,0.17674988508224487,0.93964022397995,0.2,0.4131571451822917,6.616092246025801,0.03206324096148213,456,-0.0036969562812979953,0.007512449286878109
2555904,934.9976806640625,78,798.0,519,4923,0.04067279,0.00015,0.17699861526489258,0.9391347169876099,0.2,0.4115753173828125,6.590042938788732,0.033241787280227676,462,-0.0029275362267071614,0.01104390062391758
2588672,937.4806518554688,79,800.0,529,4888,0.040369608,0.00015,0.17700372636318207,0.9331953525543213,0.2,0.4236297607421875,6.576133978863557,0.03749358365894295,468,-0.0037721235961119723,0.005087658762931824
2621440,920.9918823242188,80,800.0,540,4851,0.038653914,0.00015,0.17718636989593506,0.941895067691803,0.2,0.4095815022786458,6.5599238239228725,0.03118791032223574,474,-0.004359944852694753,0.009662325493991375
2654208,929.8311767578125,81,798.0,550,4818,0.039261136,0.00015,0.17731793224811554,0.9426065683364868,0.2,0.4145253499348958,6.540319195638101,0.03925044249141744,480,-0.0034508922005140144,0.005616765469312668
2686976,937.705078125,82,798.0,560,4791,0.04008278,0.00015,0.17712706327438354,0.9426652193069458,0.2,0.4111582438151042,6.553798158963521,0.03027792131858102,486,-0.003962133786747775,0.025249075144529343
2719744,922.932373046875,83,798.0,567,4794,0.039958134,0.00015,0.1771683394908905,0.9396153688430786,0.2,0.4098663330078125,6.558018799871206,0.03377670188395617,492,-0.0027065800792721952,0.010565893724560738
2752512,938.619140625,84,800.0,573,4798,0.042469,0.00015,0.1771736890077591,0.9436287879943848,0.2,0.4140574137369792,6.558194573968649,0.03409173801386108,498,-0.0036900541484404434,0.009982890449464321
2785280,950.57470703125,85,800.0,580,4800,0.0387986,0.00015,0.1771460771560669,0.9404861927032471,0.2,0.4107920328776042,6.558494605123997,0.030158899013864964,504,-0.0038338769524367913,0.0013895705342292786
2818048,910.5203857421875,86,798.0,588,4792,0.037325677,0.00015,0.17711302638053894,0.947819709777832,0.2,0.4027608235677083,6.558573103199403,0.025759038762771524,510,-0.0032572924653019677,-0.013909421861171722
2850816,911.5701293945312,87,798.0,598,4760,0.041171465,0.00015,0.1770331710577011,0.9392874836921692,0.2,0.420196533203125,6.567465245723724,0.037530472885312825,516,-0.004720008408185095,0.01324697770178318
2883584,934.8671264648438,88,798.0,609,4731,0.039843068,0.00015,0.17675615847110748,0.9357134103775024,0.2,0.4124552408854167,6.590643331408501,0.02887963774992386,522,-0.004758687803284071,0.012068629264831543
2916352,953.6865844726562,89,800.0,620,4703,0.036711317,0.00015,0.17663487792015076,0.9426838755607605,0.2,0.40008544921875,6.6120840435226755,0.024744201281767648,528,-0.002622174652060494,-0.0007478110492229462
2949120,944.9645385742188,90,798.0,630,4677,0.040357396,0.00015,0.17651358246803284,0.9346911907196045,0.2,0.4195404052734375,6.624591742952664,0.03158774159480041,534,-0.0031689136709852996,0.0009275507181882858
2981888,933.859130859375,91,798.0,641,4650,0.039646763,0.00015,0.17642009258270264,0.940917432308197,0.2,0.4159138997395833,6.634239359448354,0.02523542333074147,540,-0.004412722089303618,-0.00315154530107975
3014656,928.6565551757812,92,798.0,651,4624,0.03942986,0.00015,0.17632834613323212,0.9488430619239807,0.2,0.4115956624348958,6.647215032329162,0.030415318523106787,546,-0.003297048825212793,-0.008467890322208405
3047424,900.730712890625,93,800.0,662,4598,0.040061783,0.00015,0.17621424794197083,0.9401134252548218,0.2,0.412384033203125,6.660808672507604,0.02602193115793246,552,-0.0033495329407742247,-0.010318624787032604
3080192,896.8280639648438,94,800.0,673,4574,0.04099928,0.00015,0.17607590556144714,0.9354453086853027,0.2,0.419952392578125,6.678839471191168,0.03196201704849955,558,-0.004064273009741252,0.009287338703870773
3112960,910.6312255859375,95,800.0,684,4551,0.039538648,0.00015,0.17600470781326294,0.9374454617500305,0.2,0.4083913167317708,6.687093999236822,0.021599535228839766,564,-0.005449916753908231,0.014436489902436733
3145728,904.8384399414062,96,800.0,694,4527,0.040743187,0.00015,0.17576684057712555,0.941156268119812,0.2,0.4255828857421875,6.707806094239156,0.02981885616463842,570,-0.0031358369433291955,0.01248788833618164
3178496,871.8292236328125,97,800.0,705,4505,0.040706873,0.00015,0.17585253715515137,0.9399598240852356,0.2,0.4218037923177083,6.714228582878907,0.03269889415969374,576,-0.003399686681101836,0.004351615905761719
3211264,879.7622680664062,98,800.0,716,4483,0.040491126,0.00015,0.17581327259540558,0.9411537647247314,0.2,0.427459716796875,6.71647160500288,0.03511008458735887,582,-0.0030771104881447777,0.002873418852686882
3244032,886.8440551757812,99,800.0,726,4463,0.04164397,0.00015,0.17599442601203918,0.9392737150192261,0.2,0.42352294921875,6.702666540940602,0.03238551635877229,588,-0.003360068765687174,0.0013268273323774338
3276800,878.1795043945312,100,798.0,737,4443,0.041279014,0.00015,0.1759258210659027,0.9369985461235046,0.2,0.4215240478515625,6.699740514159203,0.03775941741575176,594,-0.004660654096369399,0.013002680614590645
3309568,877.564453125,101,798.0,748,4424,0.041999288,0.00015,0.1758699119091034,0.9377873539924622,0.2,0.4200388590494792,6.70305185392499,0.03353505329869222,600,-0.00492894598452646,-0.0020905490964651108
3342336,913.87841796875,102,798.0,758,4406,0.042485863,0.00015,0.175784632563591,0.9333246946334839,0.2,0.4312388102213542,6.71570814276735,0.037389749365199045,606,-0.0026323462661821395,-0.007326772436499596
3375104,926.5222778320312,103,800.0,768,4389,0.04326656,0.00015,0.17560066282749176,0.9351791739463806,0.2,0.4261220296223958,6.727418694645166,0.02983596356837855,612,-0.004133362255136793,0.0311643797904253
3407872,940.1322021484375,104,800.0,779,4371,0.039667986,0.00015,0.17554700374603271,0.9370590448379517,0.2,0.41986083984375,6.741037665555875,0.03585245220165234,618,-0.002127821308628578,0.0019755233079195023
3440640,900.8738403320312,105,794.0,790,4354,0.042574026,0.00015,0.17543156445026398,0.9352988004684448,0.2,0.4269205729166667,6.753866830219825,0.03273297441288984,624,-0.004137952106248122,0.004654953256249428
3473408,914.7388916015625,106,792.0,800,4338,0.04163604,0.00015,0.17534996569156647,0.9475821256637573,0.2,0.4241129557291667,6.766240273912747,0.02728187311246681,630,-0.003963319350683984,-0.0006564371287822723
3506176,913.9910278320312,107,798.0,811,4322,0.04009817,0.00015,0.1754913628101349,0.9377906322479248,0.2,0.4164021809895833,6.761962910493215,0.03179754250595579,636,-0.0022993408717108346,0.005068034864962101
3538944,932.4635009765625,108,798.0,821,4307,0.043762088,0.00015,0.1752905547618866,0.9374785423278809,0.2,0.428619384765625,6.766716110209624,0.03171349755818179,642,-0.004125816227315227,0.001324620097875595
3571712,942.6967163085938,109,790.0,831,4292,0.043142673,0.00015,0.17511965334415436,0.9325589537620544,0.2,0.4258982340494792,6.7907522432506084,0.03275931025564205,648,-0.0029921441685777004,0.007403316907584667
3604480,935.9545288085938,110,790.0,842,4279,0.042399593,0.00015,0.17489780485630035,0.9315940737724304,0.2,0.4273783365885417,6.813662618398666,0.027080701244509935,654,-0.005022837972016229,0.0010253442451357841
3637248,932.343994140625,111,794.0,852,4266,0.04138983,0.00015,0.1747635155916214,0.9420969486236572,0.2,0.4225565592447917,6.8383771901329355,0.024604823091067374,660,-0.0039786750700538205,0.00015967339277267456
3670016,914.3638305664062,112,800.0,863,4251,0.043019995,0.00015,0.17485523223876953,0.9425727128982544,0.2,0.4278767903645833,6.838320811589559,0.029467839184993256,666,-0.00402228443272179,-0.0003711674362421036
3702784,855.91259765625,113,790.0,873,4237,0.04210606,0.00015,0.17491461336612701,0.9425221085548401,0.2,0.4252471923828125,6.8296490758657455,0.029336593686214957,672,-0.002645781632660752,0.006102185230702162
3735552,882.415283203125,114,786.0,883,4225,0.041758597,0.00015,0.17503947019577026,0.9368065595626831,0.2,0.4203440348307292,6.813975048561891,0.031873807039422296,678,-0.004548175418070362,-0.006125656887888908
3768320,896.7507934570312,115,788.0,894,4212,0.041886132,0.00015,0.17496225237846375,0.9297206401824951,0.2,0.4220174153645833,6.81531556447347,0.02960463153431192,684,-0.003548425318513182,0.014776358380913734
3801088,911.3192138671875,116,796.0,904,4200,0.040875215,0.00015,0.1749095469713211,0.9381283521652222,0.2,0.42266845703125,6.8204867243766785,0.02752814050230275,690,-0.0037580986239239187,0.009765674360096455
3833856,918.7921142578125,117,800.0,915,4188,0.043730214,0.00015,0.17480142414569855,0.9406594634056091,0.2,0.4276784261067708,6.833030226329963,0.03023855727224145,696,-0.005468016081370782,0.016252798959612846
3866624,903.2779541015625,118,800.0,925,4176,0.045071013,0.00015,0.17481841146945953,0.93035888671875,0.2,0.4371083577473958,6.838686150809129,0.02897022234052808,702,-0.00439356273636804,0.004882504232227802
3899392,908.8800048828125,119,800.0,936,4165,0.04366801,0.00015,0.17468751966953278,0.9381248354911804,0.2,0.4307810465494792,6.846890941262245,0.032190987355230995,708,-0.002682167573463327,0.00128925871104002
3932160,925.9232177734375,120,800.0,945,4157,0.042252973,0.00015,0.17475228011608124,0.944644570350647,0.2,0.4225209554036458,6.848367848743995,0.020673533181252424,714,-0.004584376077521786,-0.0027194004505872726
3964928,908.2734985351562,121,800.0,955,4149,0.043457143,0.00015,0.17480382323265076,0.945606529712677,0.2,0.4337310791015625,6.842544801533222,0.028654318123396177,720,-0.003757452631361957,-0.006174514070153236
3997696,897.0480346679688,122,798.0,964,4143,0.044831935,0.00015,0.17478644847869873,0.9337719678878784,0.2,0.4312591552734375,6.8361199125647545,0.036271264053842366,726,-0.0032205357989975405,0.012538334354758263
4030464,899.067138671875,123,798.0,974,4136,0.044304155,0.00015,0.1748390644788742,0.9410801529884338,0.2,0.427947998046875,6.833764097342889,0.03210198617307469,732,-0.0037023094091637176,0.02745351940393448
4063232,900.6632690429688,124,798.0,983,4130,0.045148544,0.00015,0.17474398016929626,0.9403783679008484,0.2,0.4265085856119792,6.840636247148116,0.029535582924533326,738,-0.004176807203596884,-0.0035540536046028137
4096000,914.3521118164062,125,800.0,992,4125,0.041165546,0.00015,0.1745661050081253,0.9364582300186157,0.2,0.4244181315104167,6.855649164567391,0.030384981573054876,744,-0.004118286348481585,-0.0018257107585668564
4128768,907.59765625,126,798.0,1002,4119,0.04318951,0.00015,0.17442038655281067,0.9434049129486084,0.2,0.4279022216796875,6.877800657103459,0.023556835900914546,750,-0.003575121047712552,-0.005820596590638161
4161536,938.1341552734375,127,798.0,1011,4114,0.04456763,0.00015,0.17449453473091125,0.939487099647522,0.2,0.441192626953125,6.876144574334224,0.03418580784151951,756,-0.004010812014409264,0.007665880024433136
4194304,930.239013671875,128,794.0,1020,4109,0.042572476,0.00015,0.17446957528591156,0.9411244988441467,0.2,0.429931640625,6.879014344265063,0.022426879210494615,762,-0.004069262563765126,0.0023128166794776917
4227072,945.23974609375,129,796.0,1029,4104,0.045710023,0.00015,0.1744396984577179,0.9397053718566895,0.2,0.4394022623697917,6.876707496742408,0.0313377682105056,768,-0.0035507037997983084,0.0021759141236543655
4259840,929.4730224609375,130,796.0,1039,4099,0.04451815,0.00015,0.17448389530181885,0.9439778923988342,0.2,0.4328765869140625,6.880023332933585,0.032829989072827935,774,-0.002727564305435711,0.0026816818863153458
4292608,925.4054565429688,131,796.0,1048,4095,0.043338124,0.00015,0.1744801253080368,0.9390155076980591,0.2,0.4287567138671875,6.873834867030382,0.025635901676044643,780,-0.004744601905258605,0.010998484678566456
4325376,908.8222045898438,132,796.0,1057,4089,0.04625911,0.00015,0.17422565817832947,0.9339050650596619,0.2,0.4391123453776042,6.892891671508551,0.032044157788429097,786,-0.0033894504864899013,0.009457321837544441
4358144,921.9860229492188,133,800.0,1066,4085,0.04386861,0.00015,0.17411330342292786,0.9435878396034241,0.2,0.4325103759765625,6.915192334602277,0.024795689872310806,792,-0.003716008418753821,0.005319265648722649
4390912,915.7598266601562,134,800.0,1076,4080,0.043082878,0.00015,0.17433154582977295,0.9413767457008362,0.2,0.4317830403645833,6.907533008605242,0.0220691620221866,798,-0.004436997697969976,-0.0013628741726279259
4423680,906.0086669921875,135,796.0,1085,4075,0.046044856,0.00015,0.17412205040454865,0.9342571496963501,0.2,0.4381001790364583,6.912548933178186,0.027784113238643233,804,-0.004007185674709035,0.008912302553653717
4456448,922.37353515625,136,796.0,1094,4070,0.043139696,0.00015,0.1740567982196808,0.9385441541671753,0.2,0.4317118326822917,6.926030448327462,0.02728988940846951,810,-0.00402035334991524,0.008051175624132156
4489216,934.3267211914062,137,800.0,1104,4066,0.04497201,0.00015,0.17390839755535126,0.9545755982398987,0.2,0.4316202799479167,6.93663960819443,0.025236358123947866,816,-0.004878918560279999,0.0005462877452373505
4521984,923.139404296875,138,800.0,1113,4060,0.04411994,0.00015,0.17404425144195557,0.9419727325439453,0.2,0.438873291015625,6.93505897000432,0.02591226614943783,822,-0.003552267246050178,0.009996623732149601
4554752,949.6580200195312,139,800.0,1122,4056,0.04735002,0.00015,0.17412415146827698,0.938919186592102,0.2,0.4422200520833333,6.925626017153263,0.030066085266298614,828,-0.00461725772098968,0.0026006605476140976
4587520,954.7515869140625,140,800.0,10473,438,0.044118144,0.00015,0.17419759929180145,0.9415554404258728,0.2,0.4323272705078125,6.920869387686253,0.027961284904449712,834,-0.003984631006460404,0.005030443891882896
4620288,926.5296020507812,141,798.0,10485,440,0.0449894,0.00015,0.17437326908111572,0.9405698776245117,0.2,0.4355112711588542,6.90243374556303,0.030294412693668466,840,-0.004519988639003714,-0.003565991297364235
4653056,909.6497802734375,142,796.0,10496,443,0.04683319,0.00015,0.17444105446338654,0.9384150505065918,0.2,0.4387308756510417,6.888467529167731,0.029815908751819126,846,-0.0048222867038324084,0.010505341924726963
4685824,887.7720336914062,143,796.0,10506,445,0.044662815,0.00015,0.17441509664058685,0.9518866539001465,0.2,0.435638427734375,6.88880651568373,0.02694988903143288,852,-0.00502188932447704,-0.0004295278340578079
4718592,895.406005859375,144,794.0,10516,448,0.046491828,0.00015,0.17460410296916962,0.9312991499900818,0.2,0.4434560139973958,6.874822610368331,0.0276513055578107,858,-0.0037944478305386533,-0.0051191020756959915
4751360,903.0069580078125,145,796.0,10525,451,0.04573769,0.00015,0.17436379194259644,0.9379363059997559,0.2,0.4336090087890625,6.882787241290013,0.029089042839283746,864,-0.0034673731661314378,0.009888170287013054
4784128,914.099609375,146,796.0,10535,454,0.045321766,0.00015,0.1744670271873474,0.9412838816642761,0.2,0.4387563069661458,6.889984529465437,0.0310038899575981,870,-0.003188292967630938,0.000123489648103714
4816896,932.3158569335938,147,800.0,10545,456,0.04615455,0.00015,0.17443262040615082,0.9359768629074097,0.2,0.4451344807942708,6.884259379158418,0.031659272111331425,876,-0.004442342729210698,0.005779358558356762
4849664,919.5053100585938,148,796.0,10554,459,0.045204967,0.00015,0.17450539767742157,0.9449169635772705,0.2,0.44390869140625,6.877093058079481,0.030099680346514408,882,-0.0029937327265846156,0.012755217030644417
4882432,900.849365234375,149,796.0,10563,462,0.045397505,0.00015,0.1744859516620636,0.9366651177406311,0.2,0.4439849853515625,6.8787571378052235,0.02872640741164408,888,-0.0018251596005332733,-0.001150287687778473
4915200,934.519287109375,150,796.0,10573,464,0.045094825,0.00015,0.17435716092586517,0.9365381002426147,0.2,0.4357198079427083,6.888955970605214,0.02723791776467503,894,-0.004141277986491332,0.0015506520867347717
4947968,939.8333740234375,151,800.0,10582,467,0.048808806,0.00015,0.17447344958782196,0.9373505115509033,0.2,0.4517771402994792,6.882845759391785,0.03169629275604772,900,-0.0024623258686915506,-0.011744830757379532
4980736,925.9115600585938,152,800.0,10591,470,0.045098916,0.00015,0.17450058460235596,0.9416328072547913,0.2,0.4373219807942708,6.87403695161144,0.027220014116513386,906,-0.0031014015955103482,0.002343493513762951
5013504,896.2127075195312,153,800.0,10600,472,0.04831337,0.00015,0.17434623837471008,0.9430091381072998,0.2,0.4441121419270833,6.890140901009242,0.027529423035351403,912,-0.00537097182495927,0.00843327958136797
5046272,909.6724853515625,154,800.0,10609,475,0.047551945,0.00015,0.17433857917785645,0.9480226635932922,0.2,0.4432017008463542,6.896540105342865,0.029421761418537546,918,-0.004014846603846915,0.006120608188211918
5079040,930.2985229492188,155,800.0,10618,478,0.043829188,0.00015,0.1742168366909027,0.9546661972999573,0.2,0.4316151936848958,6.9072205647826195,0.018818908613563206,924,-0.005550105854126741,-0.019040429964661598
5111808,872.033447265625,156,800.0,10628,480,0.049379285,0.00015,0.1739535629749298,0.9435170292854309,0.2,0.446319580078125,6.9355538574357825,0.025051935076286707,930,-0.0034619108537299326,-0.009586752392351627
5144576,879.4122924804688,157,796.0,10637,483,0.045746364,0.00015,0.17402209341526031,0.937746524810791,0.2,0.4487457275390625,6.9407228616376715,0.03249314892066953,936,-0.004564498332304841,0.016125723719596863
5177344,918.93798828125,158,796.0,10646,486,0.049234457,0.00015,0.1740197241306305,0.9446614980697632,0.2,0.455169677734375,6.9354091957211494,0.028465493965389516,942,-0.004104704991429268,-0.006413571536540985
5210112,951.3228759765625,159,800.0,10656,488,0.046724375,0.00015,0.17402617633342743,0.941617488861084,0.2,0.4452870686848958,6.938475518176953,0.030407185513467994,948,-0.003178532297776352,0.00789410900324583
5242880,944.8646850585938,160,800.0,10665,491,0.04790886,0.00015,0.17416875064373016,0.9344702363014221,0.2,0.4540863037109375,6.926716856658459,0.03064689412955583,954,-0.00377899487951557,-0.00578281469643116
5275648,943.5437622070312,161,800.0,10674,494,0.04618355,0.00015,0.17399068176746368,0.9409235119819641,0.2,0.4485727945963542,6.932178602864345,0.028893497508155026,960,-0.004978022909199353,-0.001477714627981186
5308416,962.502197265625,162,800.0,10683,496,0.049047053,0.00015,0.17389313876628876,0.9337866902351379,0.2,0.4592437744140625,6.947802938520908,0.027961347889989458,966,-0.004804006313255134,-0.01205651368945837
5341184,968.4652099609375,163,798.0,10692,499,0.046317197,0.00015,0.17368963360786438,0.9524987936019897,0.2,0.4434865315755208,6.968198694288731,0.022520247713449255,972,-0.003576416779348316,-0.006099035032093525
5373952,960.4410400390625,164,798.0,10701,502,0.047887128,0.00015,0.17362409830093384,0.9460327625274658,0.2,0.4394327799479167,6.978514809161425,0.01729938805025692,978,-0.0037524257525850166,-0.003177742473781109
5406720,952.3050537109375,165,798.0,10710,504,0.04681409,0.00015,0.17345505952835083,0.9426013231277466,0.2,0.442352294921875,6.993602162847917,0.023047784239073128,984,-0.005060790438316569,-0.0064713070169091225
5439488,964.9054565429688,166,800.0,10720,507,0.047131352,0.00015,0.17347022891044617,0.9456443786621094,0.2,0.44805908203125,7.0004869140684605,0.02385526277309206,990,-0.0022788566451102574,0.0060227420181035995
5472256,938.6768188476562,167,800.0,10729,510,0.048080795,0.00015,0.1733393669128418,0.9449162483215332,0.2,0.4461110432942708,7.0106552715102834,0.024330905262710683,996,-0.003919559946249744,-0.004153920337557793
5505024,946.2752075195312,168,800.0,10738,512,0.05053162,0.00015,0.17339389026165009,0.9496922492980957,0.2,0.4562428792317708,7.01350096364816,0.025175376247110155,1002,-0.0034740998956597955,0.011258222162723541
5537792,956.6436157226562,169,800.0,10747,515,0.047053196,0.00015,0.17339880764484406,0.9474048614501953,0.2,0.4491322835286458,7.009158726781607,0.023645953772453748,1008,-0.0024883180370428213,-0.009764326736330986
5570560,949.9527587890625,170,800.0,10756,517,0.048474897,0.00015,0.1735049933195114,0.9478397369384766,0.2,0.4463348388671875,6.997819140553474,0.022130685982119758,1014,-0.0051858995908939205,-0.0021364912390708923
5603328,932.16162109375,171,800.0,10766,520,0.05041122,0.00015,0.1734992414712906,0.9329258799552917,0.2,0.4639434814453125,6.999293801685174,0.029811656754948974,1020,-0.0050421711554614985,1.1120922863483429e-05
5636096,974.3167724609375,172,800.0,10775,523,0.044215474,0.00015,0.17339766025543213,0.9422693252563477,0.2,0.4427134195963542,7.006937770793836,0.02213828353220985,1026,-0.0038886737511347746,0.0001831892877817154
5668864,961.2678833007812,173,796.0,10784,525,0.043537345,0.00015,0.1733933687210083,0.9394208192825317,0.2,0.4304606119791667,7.013362432519595,0.019666496171945862,1032,-0.002119973415877515,0.0004116683267056942
5701632,939.5761108398438,174,794.0,10793,528,0.047782194,0.00015,0.17359569668769836,0.9389130473136902,0.2,0.449859619140625,6.996602187554042,0.026122170500457287,1038,-0.003912438849511091,-0.005859167315065861
5734400,931.43310546875,175,794.0,10802,530,0.04712019,0.00015,0.17368753254413605,0.947263777256012,0.2,0.4500325520833333,6.980637929091851,0.019463242785908125,1044,-0.005011144009282968,0.0007238867692649364
5767168,949.6146240234375,176,798.0,10811,533,0.048748005,0.00015,0.173699289560318,0.9469716548919678,0.2,0.4621429443359375,6.973327441761891,0.026184595257897552,1050,-0.0036968546416270933,-0.0004542004317045212
5799936,944.5028076171875,177,800.0,10820,536,0.048161343,0.00015,0.17349165678024292,0.9484419822692871,0.2,0.4547068277994792,6.991440727065007,0.020329011070619647,1056,-0.002428238441401239,0.015549064613878727
5832704,919.1903686523438,178,800.0,10826,538,0.047799736,0.00015,0.17326119542121887,0.9465844631195068,0.2,0.4547932942708333,7.021098667134841,0.02708152097814794,1062,-0.0019578533289556312,0.001201089471578598
5865472,924.7123413085938,179,800.0,10833,541,0.05180901,0.00015,0.17329071462154388,0.9506658315658569,0.2,0.458709716796875,7.024461482961972,0.026159950779401697,1068,-0.004962620644316,-0.012176824733614922
5898240,997.9467163085938,180,800.0,10839,544,0.048345722,0.00015,0.1734173446893692,0.9504973292350769,0.2,0.4466756184895833,7.013072634736697,0.023799905504953738,1074,-0.004075314155367475,0.0023863278329372406
5931008,964.6124267578125,181,800.0,10845,546,0.048061706,0.00015,0.17349860072135925,0.9387967586517334,0.2,0.4489288330078125,7.000098840643962,0.020567031793082908,1080,-0.003417973586692824,-0.001583470031619072
5963776,933.81494140625,182,800.0,10851,549,0.05052165,0.00015,0.17350517213344574,0.9388885498046875,0.2,0.4538930257161458,7.001733999699354,0.029238657875490997,1086,-0.0028932943678228185,-0.003614344634115696
5996544,953.2906494140625,183,800.0,10857,552,0.048047025,0.00015,0.17371046543121338,0.9354460835456848,0.2,0.455047607421875,6.982413802295923,0.024936346288692828,1092,-0.0035832871853926918,0.006404180079698563
6029312,957.870849609375,184,800.0,10864,554,0.048590012,0.00015,0.17357225716114044,0.9390904903411865,0.2,0.4535166422526042,6.987056341022253,0.02498944167988763,1098,-0.002215719803037549,0.023532729595899582
